0,사진조여정우아한 플라워원피스 입고
1,프로필국세청 과장급 전보자월 일 자
2,조이춘사영화제 참석한 봉준호 감독한진원 작가
3,사진클라라시선 올킬 블루 롱드레스
4,사진개부문 노미네이트 기생충 봉준호 감독엄청난 환호 받으며
5,사진함소원우아한 입장
6,조이엄태구 지적인 남자야
7,조이진기주 매력적인 미모
8,조이기생충 이정은 엄마 미소
9,조이공명 춘사영화제 빛내는 미소
10,조이춘사영화제 조여정 칸이 반한 미소
11,조이춘사영화제 문지인 민트여신
12,사진공명훈남 매력
13,무역위 전기프라이팬 특허권 침해 불공정무역행위 조사 개시
14,사진베이비페이스 이성경화려한 변신
15,사진클라라섹시하게
16,사진상체 노출 클라라이보다 더 아찔할 수 없어
17,조이조여정 춘사영화제 여우주연상에 빛나는 자태
18,조이함소원 연하 남편을 향한 마음
19,사진춘사영화제 참석한 기생충 봉준호 감독
20,사진이정은영화 팬 여러분 사랑해요
21,사진문지인섹시 레드립
22,사진하지영어느덧 여배우
23,사진김강현춘사영화제 왔어요
24,사진공명달콤한 하트
25,조이전여빈 우아한 블랙 드레스
26,조이전여빈 춘사영화제가 주목하는 신예
27,사진공명젠틀하게
28,조이문지인 년차 베테랑 여배우
29,사진전여빈아름다운 미소
30,조이춘사영화제 이성경 금빛 몸매
31,조이클라라 보기만 해도 시원한 블루 드레스
32,사진정애연단아한 매력
33,사진정애연춘사영화제 레드카펫 밟으며
34,사진주지훈그 만의 시그널
35,사진주지훈럭셔리하게
36,사진주지훈오늘도 멋짐 폭발
37,사진기생충 박명훈춘사영화제 수상 기대해요
38,사진한진원 작가봉준호 감독기생충 초대 받았어요
39,사진골드 드레스 이성경귀걸이도 금빛 하트
40,사진레드카펫 런웨이 이성경모델은 달라도 달라
41,사진이성경금빛 각선미
42,사진조여정미모 여전해
43,사진조여정아기 같은 미소
44,사진조여정미소 여신
45,사진꽃보다 더 빛나는 조여정의 미모
46,사진미소가 아름다운 조여정
47,중기 해외진출 지원 발벗고 나선 부산경진원창조혁신센터
48,오쎈 명불허전 클라라명품 콜라병 몸매 시선집중
49,공사 첨단 환경기술 눈도장
50,경영 대표팀 메인풀서 첫 훈련 메달 노리는 김서영 컨디션 이상 무
51,김주희 무용가 두리안 먹방 맛있는데 다채로운 매력캄보디아 여행 
52,경북 중소기업 수출 지원 러시아인니에 교두보
53,이철우 경북도지사 변해야 산다 도정의 국제경쟁력 강화에 새바람
54, 방송  세계테마기행 여름날의 꿈 캄보디아 부 춤추는 바다
55, 세계테마기행 캄폿 코롱 산 로엠 거쳐 프놈펜으로김주희 굿바이 캄
56, 수출규제 악재 신남방시장이 돌파구
57,전주기접놀이 인도네시아 토라자 페스티벌 초청 공연
58, 세계테마기행 무용가 김주희와 함께 캄보디아 춤추는 바다 여정
59,인도네시아어 년 월 일 오늘의 외국어 한마디는
60,이 시각 세계 기내식 메뉴판 잘못 올렸다가 감옥행 위기
61,최초제안 가점 확대로 민간제안 활성화해야
62,전은영 글로벌  아트홀 대표이사
63,진범 치밀한 구성과 긴장감 넘치는 스토리 
64,신봉선 공개된 사진 속 신봉선은 김이 
65,역사속 오늘 월 일 임오군란이 발생하다
66,공사 한국의 필환경 기술인도네시아에서 호평
67,대구경북 블루오션 할랄시장 재조준
68,이정현 득점 한국 존스컵 캐나다 대파
69,인니 대사관에만 있는 임무관남한 면적 배가 산림
70,정신 건강은 우리가 챙겨드릴게요
71,산림청  해외 산림탄소배출권 사업 소개
72,보잉  맥스 운항금지로 분기에 조천억원대 타격
73,유종의 미 거둔 산림인 윤영균 산림복지진흥원 원장
74,명리학으로 본 세상 재벌처럼 성공하고 잘 죽는 게 숙제인 사람
75,아스트 과 엠브라에르   수주 계약 체결로 실적 증진 기대
76,푸드빌 중국 철수 대신 뚜레쥬르에 힘 주는 이유는
77,커피 만화경 커피에게 평화가 있기를
78,인니 기내식 손글씨 메뉴판 논란사진 올린 승객은 명예훼손 피소
79,뉴스딱 아기 상어 뚜루루뚜루 동요로 노숙자 쫓아낸다
80,부산시 인도네시아 산업기계전 참가 기업 모집
81,      발간
82,한신단열 한희준 대표 물욕의 가치를 버리고 기업가정신을 되살리자
83,개인주의  집단주의 뭐가 더 나을까둘다 장단점 있어
84,세아상역주 친환경 비즈니스 도입을 통한 혁신 시너지 기대
85,가루다항공 손글씨 메뉴  올린 승객 명예훼손 혐의 피소
86,가루다항공 손글씨 메뉴  올린 승객 명예훼손 피소
87,작업복 외길 년 새울토피아 티뷰크 통해 꼭 필요한 곳에 반드시
88,광주세계수영 김서영 맞수 오하시 투병 중인 이케에 위해서도
89,연예인 다이어트 홍지민 다이어트 비법은 핑거루트로 알려져핑거루트
90, 아시아 짐카나 대회 월말 인제스피디움서 개최
91,다니엘기도회 협력교회 섬김이 목사 간담회 열려
92, 두산 서비스 경진대회
93,팔아야귀국  인도네시아 유권 손짓 한 번에 들썩이는 팝업스토어
94,팔아야 귀국 인도 현지 쇼호스트로 변신신봉선의 성공적인 먹방
95,가루다항공 손글씨 메뉴  올린 승객과 공방 끝내종합
96,대한자동차경주협회 인제스피디움서  아시아 오토 짐카나 대회 라운드
97,보잉  맥스 운항 중단으로 분기 조억 부담
98,세아상역 세아엔테크와 친환경 정책 협력
99,보잉  맥스 운항금지로 조천억원대 타격
100,보잉  맥스 운항 중단으로 조억원 손실
101,보잉  맥스 운항금지로 분기에 조억원대 타격
102,팔아야귀국  인도네시아 줄을 서시오 메뉴와 함께 손님도 업그레이드
103,세계대학총장단 건양대병원 방문
104,빈탄섬 세계적 골프장 잔디에서 디너 즐겨볼까
105,인도네시아 빈탄섬 북부 해변의 오아시스 클럽메드
106,인도네시아 빈탄섬 해변 풀빌라
107,빈탄 대자연 품에서 힐링하는 휴가
108,더 레지던스 빈탄 아이들의 천국 키즈클럽
109,경기 바로미터 구리 가격 더 내려가나 수요가 줄었다
110,팔아야 귀국  인도네시아 신봉선이 말하면 빵 빵 현지 홈쇼핑에서 무슨
111,더 레지던스 빈탄 나만의 전용 수영장에서 조식을
112,빈탄 청정바다에서 패들보드 타볼까
113,첫방송 매진 포레스트힐 그린 밸런스 클렌져 앵콜방송 확정
114,본느 포레스트힐 그린 밸런스 클렌져 일 오쇼핑 앵콜 방송
115, 김복동 할머니 평화공원 양산에 세워진다
116,팔아야귀국  인도네시아 신봉선 본격 영업 시작과 함께 특별한 홍보 도전
117,물리아 발리 트래블  레져  선정 관왕 수상
118,한국 지능형교통시스템 아세안 시장 진출 타진
119,실트황제 방탄소년단 지민 위엄숨만 쉬어도 실시간 트렌드 점령 화제
120,클럽메드 빈탄에서 골프 입문해볼까
121,더 레지던스 빈탄이 자랑하는 스파  
122,더 레지던스 빈탄 더 다이닝 룸
123,팝아티스트 낸시랭   글로벌아트페어 싱가포르서 스칼렛
124,서울맛집의 새로운 기준 남다른감자탕 이정열 대표의 맛집 철학이야기
125,바다 경치와 함께 힐링하는 클럽메드 빈탄 아일랜드 스파
126,온갖 액티비티의 천국 클럽메드 빈탄 아일랜드
127,클럽메드에서만 볼 수 있는 것 쇼
128,더 레지던스 빈탄 스페셜티 레스토랑 리차리차
129,인도네시아 미식 내가 만들면 맛도 두배
130,팔아야 귀국 블락비 유권 손짓 한 번에 팝업스토어 들썩
131,이승현 점한국 존스컵 국제농구서 일본 제압
132,  지역 산업 지지하고자 동남아시아 시장에 진출
133,인도네시아 년 전기차 생산 시작 토요타현대차도 관심  
134,블랙핑크 제니 잠자는 숲속의 공주 같네살아있는 인형 비주얼
135,방탄소년단 뷔 배려와 가족 사랑의 아이콘 해외 매체들 극찬 역시 굿보이
136,쉘그룹 제로  공급
137,부산 다대포송정사하 서핑스팟에서 즐기는 짜릿한 서핑 서프버디 그
138, 치킨프랜차이즈 닭껍데기 열풍에 합류
139, 몰고 빈탄섬 질주해보세요
140,비치발리볼 화보 거기서 뭐 하세요
141,비치발리볼 화보 받아라 강스파이크
142,데뷔 년 월 히트곡 뚜두뚜두 뮤직비디오가 팝
143,인도네시아어 년 월 일 오늘의 외국어 한마디는
144,해외 매체들 방탄소년단 뷔 배려와 가족 사랑의 아이콘 극찬
145,뚜두뚜두 이들은 지난해 월 서울을 시작으로
146,오늘의 채널유권 손님맞이 나서자 팬미팅 방불
147,알맹이는 가라 닭껍질부터 귤껍질까지 껍데기 전성시대
148,뚜두뚜두 블랙핑크 월드투어는 전 세계 굵직한
149,팔아야 귀국 멤버들 인도네시아 현지 홈쇼핑 쇼 호스트로 변신
150,인니 코모도섬 내년부터 최소 년 폐쇄멸종 막을 것
151,진범 제회 부천국제판타스틱영화제 국제경쟁 부문 부천 
152,인니 방영 만화  한국산오승현 애니 감독 깃발 꽂아
153,정승환 어스   그래픽 모티브
154,팔아야 귀국  인도네시아 현지 홈쇼핑에서 홍보 도전하다
155,항공사 기내 손글씨 메뉴 에 올리면 명예훼손될까 글로벌이야기
156,환경부 주간 계획월일
157,어스   그래픽 모티브
158,비치발리볼 화보 몸매 말고 경기에 집중을
159,인도네시아 한국에  분담금 낼 예산 없어
160, 우리나라에 차세대 전투기 사업 분담금 축소 요청
161,인도네시아 한국에  분담금 낼 예산 없어 축소 원해
162,뚜두뚜두 블랙핑크는 지난 월 일 현지시간
163,뚜두뚜두 최근 발매한 앨범 타이틀곡 킬
164,글로벌  소프트뱅크 국민연금 포함 한국투자자로부터 억원 투자자
165,뚜두뚜두 데뷔 첫 북미 투어는 회당
166,전주광주가구단지 헤리티지홈 우드슬랩 기능성패브릭쇼파 특가이벤트
167,배드민턴 이소희신승찬 조 인도네시아 오픈 여자복식 위
168,인도네시아  분담금 예산 없다현물 납부방안도 거론
169,김동현송하율 만삭 화보 공개하며 인생 최고의 순간
170,일본에 연거푸 당한 한국셔틀콕 오픈 빈작에 그쳐
171,팝 걸그룹 최초 이들은 지난해 월 서울을 시작으로
172,팔아야 귀국 블락비 유권 인도네시아어로 개사한 노래 불러
173,뚜두뚜두 블랙핑크는 데뷔 첫 월드투어부터 이례적으로
174,인도네시아  분담금 축소 원해현물 방식 제안
175,팔아야 귀국 멤버들 인도네시아 홈쇼핑 쇼 호스트 변신
176,인도네시아 에  분담금 낼 예산 없어
177,인도네시아어 년 월 일 오늘의 외국어 한마디는
178,전문가칼럼입국장면세점 설치의 무리수 그러나  활용하기
179,제회 세계대학총장포럼 건양사이버대서 열려
180,양학선여서정 월 세계선수권대회 파견 국가대표로 선발
181,배드민턴 여자복식 이소희신승찬 인니오픈 동메달
182,폐광지역 청소년들의 꿈을 키워 주는 하이원 드림 원정대
183,제회 세계대학총장포럼 건양사이버대 방문
184,김판석 교수 조코위 대통령과 나란히 인니 공무원 특강
185,강원랜드  하이원 중고생 드림 원정대 발대식
186,윤아 발리 여름 휴가 근황 공개 수영복도 여신 원피스도 예쁨 가득
187,비치발리볼 화보 승리와 패배의 짙은 명암이
188,비치발리볼 화보끝 우리 모두가 챔피언
189,프리랜서엔 보상을 고용주엔 확신을 준 태국인 청년 창업가
190,인도네시아선 한국이 김 종주국일본의 배 수출
191,여자친구 아시아 투어    싱가포르 공연 성료  정복 
192,동방신기 홍콩 앙코르 콘서트 성료퍼포먼스 최강 듀오 퍼펙트 공연
193,동방신기 홍콩 앙코르 콘서트 성황 마무리현지팬 매료
194,여자친구 아시아 투어    싱가포르 공연 성료
195,강원랜드  하이원 드림 원정대 발대식 가져
196,여자친구 싱가포르 공연 열정으로 가득 채웠다
197,여자친구 아시아 투어    싱가포르 공연 성료
198,국토부유엔 해비타트 맞손 도시재생 글로벌 인재 키운다
199,중소기업 철도부품 국산화 성공동반성장해외진출 실현
200,여자친구  투어    싱가포르 공연 성료
201,동방신기 곡으로 꽉 채운 홍콩 앙코르 콘서트
202,동방신기 홍콩 앙코르 콘서트 성료 여러분과 함께해서 행복한 시간 만들 수
203,여자친구 말레이시아싱가포르 접수  정복 청신호
204,동방신기 홍콩 앙코르 콘서트 성황리에 열정적 응원에 행복한 시간
205,여자친구 투어 싱가포르 공연 성료세계평화 유닛 무대까지 혜자롭다
206,여자친구 아시아 투어    싱가포르 공연 성료 유닛 무대로
207,동방신기 홍콩 앙코르 콘서트 성료퍼포먼스 최강 듀오의 명품 공연 선사
208,인도네시아 대 스타 자라 방탄소년단 지민을 향한 팬심
209,인도네시아 대 스타 자라  지민은 내 남편이야
210,동방신기 홍콩 앙코르 콘서트 성료퍼포먼스 최강듀오 폭발
211,동방신기 홍콩 앙코르 콘서트 성료현지 관객 완벽 매료
212,여자친구 싱가포르 공연    성료아시아투어 순항 
213,여자친구 싱가포르 공연 성료 아시아 투어 순항 
214,여자친구 싱가포르 공연서 데뷔 전 그룹 후보 허그허그세계평화 결성
215,소녀시대 수영 수줍은 소녀의 하트포토엔
216,포토 수영 상큼한 하트
217,포토 수영 꾸민듯 안꾸민듯
218,포토 수영 멀리서도 한 눈에 들어오는 미모
219,살 마하티르의 위대한 선택 말레이시아 살에 국회의원 출마 가능
220,수영 간판 김서영 개인혼영  준결승 가볍게 진출
221,여자친구 서울싱가포르까지 투어 순항중 정복 청신호
222,최강 듀오 동방신기 홍콩 앵콜콘 퍼펙트한 마무리
223,국토부와 진흥원 철도부품 국산화와 동반성장 나서
224,여자친구 아시아 투어 싱가포르 공연 성료열정열기 분
225,포토 수영 눈부신 미모
226,더셀럽포토수영 출국장으로 향하는 발걸음
227,포토 물오른 미모 수영 바람은 거들뿐
228,소녀시대 수영 청순함의 대명사포토엔
229,김판석 교수 인도네시아 신임 공무원 특강 나선다
230,포토 수영 화보 촬영 떠나요
231,소녀시대 수영 날개 달린 천사 하트포토엔
232,포토 수영 걷기만 해도 화보
233,더셀럽포토수영 멀리서도 돋보이는 매력
234,포토 수영 정경호는 이 하트 매일 받나
235,포토 수영 안녕
236,더셀럽포토수영 출국길 머리정리
237,포토 수영 시원한 화이트 팬츠로 멋내고
238,포토 수영 분위기 여신의 등장
239,포토 수영 이렇게 예쁘면 반칙
240,포토 수영 연예인 포스
241,대전도시공사 펜싱팀 손영기 세계선수권 메달
242,더셀럽포토수영 매력 넘치는 미모
243,포토 발리로 출국하는 수영 화보는 지금부터
244,더셀럽포토수영 바람에 찰랑이는 머릿결
245,소녀시대 수영 길 건너에서 햇살 미소포토엔
246,포토 수영 무결점 피부 미인
247,포토 수영 초면 심쿵
248,더셀럽포토수영 화보 같은 출국길
249,소녀시대 수영 멀리서부터 풍기는 여신포토엔
250,포토 수영 바람불어 더욱 빛나는 미모
251,포토 수영 하트 날리고 싶은 미모
252,더셀럽포토수영 발리 다녀올게요
253,포토 발리 출국하는 수영 시크한 인사
254,더셀럽포토수영 심플한 공항 패션
255,소녀시대 수영 머리만 넘겼을 뿐포토엔
256,포토 수영 예쁨 가득한 하트
257,소녀시대 수영 분위기가 다했네포토엔
258,포토 수영 화보는 공항부터 찍는다
259,동방신기 홍콩 앙코르 콘서트현지 관객 열광
260,포토 수영 완벽한 비율 뽐내며
261,소녀시대 수영 팬들 보니 미소가 저절로포토엔
262,포토 수영 어마어마한 롱다리 뽐내며
263,포토 수영 사랑해
264,소녀시대 수영 옅은 미소로포토엔
265,년 하이원 드림 원정대 발대식
266,소녀시대 수영 운동화 신고도 완벽한 등신 비율포토엔
267,소녀시대 수영 흐린 날 촉촉하게포토엔
268,더셀럽포토수영 사랑스럽게
269,소녀시대 수영 무엇 하나 빠지지 않는 완벽함포토엔
270,더셀럽포토수영 손하트도 시크하게
271,포토 수영 자체발광 미모
272,더셀럽포토수영 예쁘게 찍고 올게요
273,더셀럽포토수영 손하트는 쑥스러워요
274,연합뉴스 이 시각 헤드라인  
275,포토 수영 물오른 여성미
276,국토부진흥원 맞손 철도부품 국산화 및 동반성장 추구
277,소녀시대 수영 이마도 예쁜 사람포토엔
278,소녀시대 수영 미소를 활짝포토엔
279,소녀시대 수영 셔터만 누를 때마다 화보 컷포토엔
280,소녀시대 수영 선글라스 위로 눈빛이 살짝포토엔
281,소녀시대 수영 다리길이가 어마어마포토엔
282,포토 수영 심쿵 하트로 매력 발산
283,대전도시공사 펜싱팀 손영기 세계선수권 동메달 획득
284,데뷔 년 블랙핑크는 지난 월 일 현지
285,톱클래스 그룹 동방신기 홍콩 앙코르 콘서트 성료다채로운 무대 선사
286,동방신기 홍콩 앙코르 콘서트 성황 열정적 응원 감사
287,여자친구 아시아 투어 싱가포르 공연 성료 아시아 투어 순항 
288,동방신기 홍콩 앙코르 콘서트 성료
289,여자친구 투어 싱가포르 공연 성료열기 가득
290,소녀시대 수영 찰랑이는 우아함포토엔
291,소녀시대 수영 도도한 워킹포토엔
292,소녀시대 수영 발리로 떠나요포토엔
293,년 어라운드 삼척 우리나라 최초  그란폰도 월드시리즈 등록 쾌
294,데뷔 년 유럽 투어와 오세아니아 투어 역시
295,여자친구 서울말레이시아싱가포르 글로벌 친구 우뚝
296,플라즈맵 동남아 시장 진출현지사무소 설립해 교두보 확보
297,인도네시아선 한국이 김 종주국일본의 배 수출
298,팝 걸그룹 최초 블랙핑크 월드투어는 전 세계 굵직한
299,광주세계수영대회 관심과 부담 사이 놓인 김서영 홀로 짊어진 한국 수
300,대전도시공사 펜싱 손영기 세계선수권 동메달
301,김판석 인사혁신처장  신임공무원 대상 특강
302,그랩고젝의 성공 보고자란 세대 창업정신 역대 최강
303,대전도시공사 손영기 세계 위
304,윤아 수영복 자태 뽐내며 청순미 발산
305,대점도시공사 펜싱팀 손영기 세계선수권 메달
306,김판석 전 인사혁신처장 서 특강
307,강원랜드  하이원 중고등학생 드림 원정대 발대식 개최
308,강원랜드  하이원 드림 원정대 발대식
309,김판석 전 인사혁신처장  공무원 명에 특강
310,  아시아 오토 짐카나 라운드 인제서 진행
311,화훼종자 명확한 기준도 없는데 원산지 쓰라니
312,손영기 펜싱 세계선수권대회 남자 플뢰레 개인전 동메달
313,스포츠 로그아웃김승진이우진 실업 근대종 
314,개인혼영  결선 김서영 다른 사람 아닌 나를 위해 후회없이 도전 
315,광주세계수영대회 광주 찾은 박태환 김서영 힘든 부분 공감 잘 이겨
316,냥질라 서울 집어삼킨다는 거대 고양이 정체
317,월 일 동정
318,뚜두뚜두 공개 일만의 기록으로 싸이 외에
319,동방신기 홍콩 앙코르 콘서트 성료열정적 응원 감사해
320,인도네시아 한국에  분담금 낼 예산 없다
321,신약개발이 미래종근당 글로벌  짙어진다 혁신의 원년
322,월요마당구로다의 망언을 규탄한다
323,기자의눈 아시아 권위주의 새 도구로 떠오른 인터넷 차단
324,김판석 교수 인니 대통령과 현지 특강
325,조원 블루골드 세계 물시장을 잡아라
326,톱클래스 동방신기 홍콩 앙코르 콘서트 성황 마무리
327,인천공항 이소희신승찬  인도네시아오픈 값진 동메달
328,전북 군산 어청도 해역서 규모  지진 발생월 들어 번째 지진 발생으로
329,트랜스젠더 이슬람 학교 교장 인권상 수상
330,친환경 여행문화 약간의 불편으로 큰 보람 체험
331,경주 천북농협 로컬푸드직매장 개장 년 만에 매출 배로 급증
332,김스치면인연 방탄소년단 뷔 다정보스라 불린 이유
333,대한자동차경주협회 인제스피디움에서  아시아 오토 짐카나 대회 라운
334,농식품 아이디어로 서울먹거리창업센터에서 꿈을 이루세요
335,화보 사연있어 보이네수영 한껏 분위기 잡은 출국길
336,인도네시아 언론 손흥민 인기
337,카카오페이지 카카오 자금수혈로 실탄 확보글로벌 공략 박차
338,인도네시아어 년 월 일 오늘의 외국어 한마디는
339,보치아 간판 강원전사 정호원 아시아오세아니아 선수권 
340,종근당 할랄 인증 받고 항암제 생산
341,탄환 개만 제거하고 개는 몸에 박힌 채 생활 한 호프기력 회복 중글
342, 스태프 성폭행 혐의 강지환기억이 없다
343,환경부 통합 물관리 따른 지하수 재조명
344,월드 브리핑 미중 오사카 담판 이후 첫 전화접촉
345,국민카드 스타샵  인천펜타포트락페스티벌  역대급 라인업  
346,종근당 인도네시아 항암제 공장 준공글로벌 진출 가속화
347,김혜수  빈털터리 될 때야 끝나  품격 잃지않고 묵묵히
348,은지원 전과 후가 같은 이 남자
349,종근당 인도네시아 항암제 공장 준공글로벌 진출 가속화
350,인도네시아 호주에 쓰레기  반송
351,유통업계 초복 맞아 보양식 할인 경쟁 돌입
352,종근당 할랄인증 받고 인도네시아 항암제 공장 준공
353,종근당 인도네시아 항암제 공장 준공글로벌 시장 첫 진출
354,종근당 인도네시아 항암제 공장 준공
355,종근당 에 항암제 공장 글로벌 진출 첫발
356,은지원 비교 인터뷰 공개년 전 질문에 다시 답했다
357,요즘 닭껍질이 인기라길래 세븐일레븐이 준비한 놀라운 신상
358,도내 기업 곳 해외조달시장 진출 유망기업 선정
359,비바 집에서 즐기는 동남아시아 정통의 맛
360,인도네시아어 년 월 일 오늘의 외국어 한마디는
361,김혜수  의절했지만 맺고 끊기를  꽃길만 걸어라 격려가
362,인도네시아 항암제 공장 준공 종근당 억 투자해 유럽 확대 기대
363,김혜수  의절했다지만 맺고 끊기가  꽃길만 걸어라 성원도
364,무등도요 권승찬조장현 작가 인니 간다
365,종근당 인도네시아에 항암제 공장 준공
366,보잉 분기 인도수 급감
367,한국제약바이오협회 인도네시아제약협회와 
368,종근당 인도네시아 항암제 공장 준공 글로벌 진출 가속화 될 것
369,특징주 종근당 인도네시아 항암제 공장 준공 소식에 오름세
370,종근당 인도네시아 항암제 공장 준공이장한 회장 글로벌시장 공략
371,연간 만 바이알 생산 가능종근당 인도네시아 항암제 공장 준공
372,칼럼젊은의사 역량 강화 사업은 미리 준비하는 의료계의 미래
373,  유네스코 세계유산 한국은 건가장 많은 나라는
374,뉴스 브리핑 월일일본 간 이재용 부회장한국 부자순위일 맞은 
375,비바 집에서 즐기는 동남아시아 정통의 맛
376,부산에서 인도네시아 직항 뜰까
377,한패스 호주 달러 등 개국 통화 환전 추가
378,핀란드 이어 인도네시아도 부산발 직항 뜰까
379,글로벌  카이스트 인도네시아 포함 동남아 국가 신생 벤처기업 육성
380,인도네시아 국내선 저비용항공 특정 요일시간 반값
381,인도네시아와의 항공회담 월  일 서울에서 열린다
382,한국제약바이오협회 인도네시아제약협회와  체결
383,김혜수  의절했다지만 맺고 끊기가  꽃길만 걸어라 성원도  책임없다 판결
384,메트로신문 월 일자 한줄뉴스
385,부산에서 인도네시아 직항 뜰까
386,초복에 몸보신하세요 익숙한 삼계탕 대신 별미간편식 대세
387,종근당 인도네시아 할랄 인증 획득에 이어 항암제 공장 준공해외 진출
388,성동구 최고 경제리더 양성 과정 수료식 개최
389,인도네시아 반입 쓰레기 검사하는 세관원
390,더벨한패스 호주 등 개 통화 환전 확대
391,인니 해수부 장관 저커버그에 패들보드 경기하자
392,한패스 루피링깃까지 환전 통화 확대
393,인도네시아 호주서 수출 된 쓰레기 톤 반송
394,쓰레기는 이제 그만 인도네시아 수라바야
395,해외매체들 방탄소년단 정국 헤어스타일 세계 대 불가사의로 칭한 이유
396,초복에 몸보신하세요 익숙한 삼계탕 대신 별미간편식 대세
397,구글플레이 앱게임 개발사 대상 오디션 프로그램 인의 선택 턴업 
398,동네 개구쟁이가 아니라 한국 국가대표입니다
399,진정한 힐링 휴가를 원하세요 
400,방탄소년단 정국 북미매체 선정 당신을 절대적으로 사로잡을 아름다운 눈을
401,기고도시에서 농사를 지읍시다
402,종근당 인도네시아 항암제 공장 준공글로벌 진출 원년
403,대웅제약 글로벌 네트워크로 현지지배력 강화 장기전 돌입
404,종근당 인도네시아에 항암제 공장 준공 현지화로 시장 공략
405,한국인도네시아 하늘길 넓어지나 운수권 증대 여부에 촉각
406, 언론  지민 왕실로맨스와 찰떡인어공주 에릭왕자에 최적
407,구글플레이 앱게임 개발사 대상 오디션 프로그램 인의 선택 턴업 
408,한국제약바이오협회 인니제약협회와 
409,해외언론  지민 인어공주 에릭왕자역에 최적임 찬사
410,방탄소년단 지민 영화 인어공주 에릭왕자 지목
411, 지민 인어공주 캐스팅 청원 열풍 외신들 긍정 할리웃
412,국내외 지하수 전문가 한곳에  환경부 그라운드워터 코리아
413,종근당 에 항암제공장 준공 글로벌진출 박차
414,구글플레이 앱게임 개발자 대상 오디션 프로그램 턴업  방영
415,한국제약바이오협회 인니제약협회와 
416,대웅제약 글로벌 무대서 나보타 우수성 알려   참가
417,불탑의 도시 바간 세계유산 등재소수서원 등 한국의 서원도
418,인도네시아   프로모션 참가 기업 모집
419,전주삼성로하스의원 고형석 원장 미용성형학회 임카스 아시아 학회서
420,구글플레이 앱게임 개발사 대상 오디션 프로그램 인의 선택 턴업 
421,인도네시아 푸드 프로모션 참가기업 모집
422,한패스 호주 달러 외 개국 통화 추가개국 통화 환전 가능
423,회 유교전 유로무역 영국 프리미엄 르토이반 원목 교구 선봬
424,대웅제약 글로벌 무대서 나보타 우수성 알려   참가
425,인도네시아 빈탄섬 오아시스 더 레지던스
426,앱게임 개발사 오디션 프로그램 인의 선택 턴업  일 방영
427,유럽 라이언에어 월까지는 보잉 맥스 운항 재개 해야매출 타격 우려
428,강원장애인체육회 직장운동경기부 보치아팀 창단
429,역시 만찢남 전세계가 인정한 인어공주 에릭왕자와 지민 싱크로율
430,제약바이오협회 인도네시아제약협회와 사업 협력 
431,한국인도네시아 항공회담 월 서울서 열려
432,한패스 호주 달러 등 개국 통화 환전 서비스 추가
433,   참가한 은성글로벌 신제품 선보여 호평 받아
434,껍질이 더 좋아치킨집 매출 배 늘려 준 신제품은
435,인도네시아 빈탄섬 오아시스 더 레지던스
436,도심에서 펼치는 비치발리볼 열전
437,대구 도심에서 비치발리볼 대회 개최
438,빈탄섬 망망대해 보며 여름휴가 어떠세요
439,클럽메드 빈탄 아일랜드서 체험하는 공중그네
440,더 레지던스 빈탄 시그니처 플로팅 조식
441,도심에서 펼치는 비치발리볼 열전
442,환호하는 이스라엘
443,공격하는 인도네시아
444,공격
445,공격 성공후 기뻐하는 선수들
446,공격해봐
447, 대구비치발리볼 월드투어 수성못서 개최
448,강스파이크
449,해외 언론  지민 인어공주 에릭왕자역에 최적 호평
450,국내 대표 개발사 뽑는 대국민 오디션 프로그램 턴업  일 전파탄다
451,환호하는 이스라엘
452,인도네시아 서브를 보여주마
453,높이 올려
454, 대구비치발리볼 월드투어 개막
455, 국제배구연맹 비치발리볼 월드투어 대구서 개막
456,도심서 열린  국제배구연맹 대구비치발리볼 월드투어
457,대구 도심서 열린 비치발리볼 월드투어
458,작전 번
459,강서브
460,수비하는 인도네시아 선수
461, 대구비치발리볼 월드투어
462,인도네시아 서브를 보여주마
463,해변 없는 대구에서 국제배구연맹 대구비치발리볼 월드투어
464,집중
465,때려
466,끝까지 받아
467,파워 리시브
468,막아봐
469,공격 준비
470,득점이야
471,국제배구연맹 대구비치발리볼 월드투어 개막
472,공격준비
473,해변 없는 대구에서 국제배구연맹 대구비치발리볼 월드투어
474,득점 좋아
475,힘껏 때려
476,높이가 다른 서브
477,힘이 넘치는 공격
478,슬라이드 화보 보는 즐거움이 쏠쏠 도심 비치발리볼 대회
479,다시 공격해
480,우아한 서브
481,호흡 척척
482,모래 위의 미녀
483,가볍게 넘겨
484,득점 좋아
485,팩트체크  동영상 팩트체크 이후 논란을 팩트체크하다
486,합천군 냉동 딸기 인도네시아 첫 수출
487,성 김 주인도네시아 미국 대사에 지명
488,킹콩부대찌개 인도네시아 프랜차이즈 박람회 성료 및 마스터프랜차이즈  
489,박원순 세계도시 정상회의 기조발표서울은 사람의 도시
490,수출 회복 전기 만드는 코트라 신남방서 북미아프리카까지상대국과 같
491,한국인도네시아 항공회담 내달 서울서 열려
492,대구비치발리볼 월드투어 모래 위의 미녀들 화보
493,  동영상 공유 핀터레스트 싱가포르에 거점 설치
494,동아대웅제약 이어 종근당도 인도네시아 진출
495,팩트체크  동영상 팩트체크 이후 논란을 팩트체크하다
496,필리핀 가족주의인니 힌두불교우리가 잘 몰랐던 동남아
497,대구 도심서 펼치는 비치발리볼 열전
498,천송어린이합창단 이탈리아 피렌체 국제합창축제 참가
499,글로벌  보잉 분기 수주 대 전년의 분의  토막잇단 추락사고
500,자유투어 동남아패키지 마사지 받으며 휴가 즐길 수 있어
501,글로벌 워치 한달새 세 번이나 몸 떤 메르켈 총리건강이상설
502,이슈 넥슨 카스온라인 인도네시아 서비스 월일 종료
503,필리핀 가족주의인니 힌두불교우리가 잘 몰랐던 동남아
504,무협 할랄인증 통한 무슬림 공략 세미나 개최
505,구글 국내 앱게임 개발사 오디션 시작
506,무협 할랄 인증으로 억 무슬림 공략 지원
507,무협 할랄인증으로 억 무슬림 공략하기 세미나 개최
508,미래차 투자 집중위해 몸집 줄여가는 외국 완성차 업체현대차는 역주행
509,강경화 장관 아프리카 외교의 중심 아프리카연합과의 협력 강화
510,스마트시티 서울 혁신정책 세계에 알렸다
511,성 김 인도네시아주재 대사로
512,무협 할랄인증 통한 무슬림 공략 세미나 개최
513,추락 사고 보잉  운항 프로그램 매니저 사임
514,창립 년 만에 매출 조 돌파 앞둔 종근당올핸 글로벌 진출 원년
515,그룹  외국선원 관리기업 초청안전운항 논의
516,그룹  선박 안전운항 위한 세미나
517,마케팅인사이드 프랜차이즈에 부는 한정 메뉴 바람 왜
518, 선박 안전운항 세미나 콘퍼런스 개최
519,일까지 대구서 비치발리볼
520,인도네시아어 년 월 일 오늘의 외국어 한마디는
521,인도네시아 보고르식물원의 약용식물구역
522,추락 사고 보잉  운항 프로그램 매니저 사임
523, 외국선원관리회사 초청해 선박 안전운항 세미나 개최
524,애완동물 키우려고새끼 오랑우탄 밀반출 시도한 대
525, 선박 안전운항을 위한 세미나콘퍼런스 개최
526,한국브레인진흥원 한국요양보호사중앙회일과 복지와 치매예방 업무협약 체
527,글로벌   자동차 수출선 다변화 해야
528,합천소식냉동 딸기 인도네시아 첫 수출
529,그룹 선박관리자회사 선박 안전운항 콘퍼런스
530,발리서 아기 오랑우탄 밀반출 시도 러시아인 징역 년
531,그룹  선박 안전운항을 위한 컨퍼런스 및 세미나 개최
532,국내 앱게임 개발사 대상 오디션 프로그램
533, 외국선원관리회사 초청해 선박 안전운항 세미나 개최
534,아기 오랑우탄 잠재워 밀반출 시도러시아인 징역 년
535,창구 프로그램의 본격적인 시작 구글플레이 인의 선택 턴업  
536,그룹  선박 안전운항 컨퍼런스 개최
537,애완동물 키우려고아기 오랑우탄 밀반출 시도한 대 붙잡혀
538, 버튜오조 차세대 하이퍼컨버전스 인프라 솔루션 최신 업데이트
539,프로필국세청 고공단 전보
540,구글플레이 앱게임 개발사 대상 오디션 프로그램 첫 방송
541,박형구 중부발전 사장 해외 전력시장으로 눈 돌려야
542,아기 오랑우탄 잠재워 밀반출 시도러시아인 징역 년
543,칼럼 환경 책을 읽는 것이 지구사랑이다지진은 위험해단층 지진계 건
544,칼럼 환경 책을 읽는 것이 지구사랑이다지진은 위험해단층 지진계 건
545,앱게임 개발사 오디션 인의 선택 턴업  일 첫 방송
546,앱게임 개발사 오디션 인의 선택 턴업  일 첫 방송
547,텐센트 전략 게임 신작 체스러쉬 글로벌 스타 챌린지 개최
548,텐센트 전략 게임 신작 체스러쉬 글로벌 스타 챌린지 개최
549,텐센트 전략 오토배틀러 모바일게임 체스러쉬 글로벌 스타 챌린지 개최
550,텐센트 전략 오토배틀러 모바일게임 체스러쉬 글로벌 스타 챌린지 개최
551,텐센트 체스러쉬 스포츠대회 체스 러쉬 글로벌 스타 챌린지 개최
552,애완동물로 키우려고 발리서 아기 오랑우탄 약 먹인 뒤 밀반출 시도한 러시
553,애완동물로 키우려고 발리서 아기 오랑우탄 약 먹인 뒤 밀반출 시도한 러시
554,텐센트 체스러쉬 글로벌 스타 챌린지 개최
555,텐센트 체스러쉬 글로벌 스타 챌린지 개최
556,명 사망 맥스 총괄 관리자 은퇴사고 때문 아냐
557,명 사망 맥스 총괄 관리자 은퇴사고 때문 아냐
558, 안전운항 컨퍼런스 개최
559,믈라카해협에 긴급경보 발령중국 해군 파병 구실
560,앱게임 개발사 대상 오디션 프로그램 나온다
561,팔아야귀국 유권 자카르타 시장 한복판서 눈물 흘린 사연은
562,맞춤 전략으로 빠른 시장 침투 제약업계 글로벌 현지화 확산
563,즉석밥 속 일본산 미강추출물 논란 미강추출물이 뭐야
564,팔아야 귀국 블락비 유권 인도네시아 시장 한복판서 눈물 흘린 사연
565,길산청산 한중합작  부산 공장설립  범람  기술혁신
566,성동구성동 글로벌 교환근무운영
567,소녀시대 수영의 공항패션 속 선글라스 래쉬
568,한국관광공사 박일간 친환경 여행단 행사
569,천진영의 푸드파이터줄서서 먹는다는 닭껍질 튀김의 비밀
570,텐센트 체스러쉬 글로벌 스포츠 대회 글로벌 스타 챌린지 개최
571,팔아야 귀국 유권 지옥맛 예능신고식시장 한복판서 눈물 흘린 사연
572,앱 개발사 오디션 프로그램 인의 선택 턴업  일 첫방송
573,페이스 오브 타일랜드 양의식 회장 모델은 패션뷰티 산업 발전의 척도
574,팔아야 귀국 유권 인도네시아 매운 고추 맛본 뒤 경악 포인트컷
575,블락비 유권 자카르타 시장 한복판에서 눈물 흘린 사연은
576,한국체외진단의료기기협회 제회 정기총회 개최
577,천진영의 푸드파이터줄서서 먹는다는 닭껍질 튀김의 비밀
578,은지원 불나방 라이브 영상 공개 일 솔로 단독 콘서트
579,은지원 불나방 라이브 영상 공개대체 불가 카리스마
580,지하수이용부담금 체계 개선 시급
581,은지원 불나방 라이브 영상 공개일 솔로 단독 콘서트 개최
582,합천군 냉동 딸기 인도네시아 첫 수출 선적식
583,은지원 불나방 라이브 영상 공개일 솔로 단독 콘서트 기대
584,바다 아닌 곳에서도 비치발리볼 대구 수성못서 대회 개최
585,은지원 신곡 불나방 라이브 영상 공개 대체불가 카리스마
586,은지원 불나방 라이브 영상 공개대체 불가 카리스마
587,부테이코 인도네시아 여성 가수가 잘 때 입에 테이프를 붙이는 이유
588,은지원 불나방 라이브 영상 공개 일 솔로 단독 콘서트
589,진에어 삼중고에 시름 일본노선 부진 중국노선 배제 국토부 제재
590,정 많은 한국인이 해외에서 가장 많이 당하는 사기는
591,엠알피파트너스 바이오인더스트리 기업 해나눔과 체결올바른감량 브
592,팔아야 귀국 멤버들 집단 패닉 거리에서 사라진 인도네시아 사람들
593,제약사 플랜트 인니 현지 거점 구축 이유는
594,진에어 삼중고에 시름 일본노선 부진 중국노선 배제 국토부 제재
595,은지원 신곡 불나방 라이브 영상 공개 웃음기 
596,은지원 불나방 라이브 영상 공개대체 불가 카리스마
597,싱가포르중국 이어 인니까지항공업계 하늘길 개척 박차
598,은지원 신곡 불나방 라이브 영상 공개 웃음기 
599,팔아야 귀국 멤버들 집단 패닉 거리에서 사라진 인도네시아 사람들
600,뉴스 인 뉴스 손정의가 에 집중하라 강조하는 이유
601,발리 호텔 물리아의 이상과 추구 아페리체나 미슐랭 디너 선봬
602,인니 아동 성폭행 징역 년 선고된 캐나다인 교사 사면
603,매일 잠든 세 아들 입을 테이프로 막는 여성 이유는
604,선박관리전문회사  부산에서 선박 안전운항 세미나 개최
605,인도 지난 년 동안 자연재해로 사망한 인구 명 넘어  월드미션 브리
606,로이문화예술실용 전문학교 호텔식음료 칵테일과정 믹솔로지스트 맞춤 교육
607,팔아야 귀국 멤버들 집단 패닉된 사연은
608,최저임금 원 알바해서 해외여행 떠나볼까
609,뉴스 인 뉴스 손정의가 에 집중하라 강조하는 이유
610, 지민 인어공주 에릭 왕자와 닮아 팬들 캐스팅 요청
611, 지민 인어공주 에릭 왕자와 닮아 팬들 캐스팅 요청
612,팔아야귀국 블락비 유권 자카르타 시장 한복판에서 지옥맛 예능신고식
613,팔아야귀국 블락비 유권 자카르타 시장 한복판에서 지옥맛 예능신고식
614,팔아야귀국 라마단 기간에 팝업스토어 오픈해 멤버들 집단 패닉
615,팔아야귀국 라마단 기간에 팝업스토어 오픈해 멤버들 집단 패닉
616,원 짜리 오페라가 부산에 등장했다
617,년 미스그랜드코리아 진의 영예 박세림
618,년 미스그랜드코리아 진의 영예 박세림
619,몽골 인도네시아 등 개국 교류도시직원 성동구서 근무
620,박형구 중부발전은 해외사업에서 새 성장동력 찾겠다
621,박형구 중부발전은 해외사업에서 새 성장동력 찾겠다
622,데스크칼럼 전세계 콘텐츠 열풍그 중심  
623,천연가스파이프라인 활용 등 제안
624,천연가스파이프라인 활용 등 제안
625,인니 선정 차세대 유니콘 개에  스타트업 포함
626,라자디자인가구 우드슬랩 전시장 최신 트렌드 반영된 우드슬랩 신제품 출시
627,년 전세계 도시 분의 의 기후 완전히 달라질 것
628,군 조 억원 들여 음성데이터 통신 가능한 디지털무전기 도입
629,인도네시아어 년 월 일 오늘의 외국어 한마디는
630, 세상 닭껍질 튀김이 제겐 오로라와 같은 존재죠
631,폐암 초기증상 부아메라 오일 효능은 강력한 항산화
632,위 탈락 위기의 보잉경영진 인자 사퇴
633,멍청한 지도자가 멍청한 정책 펴도 민주주의 아래서는 바꿀 희망이 있다
634, 황금올리브 순살과 함께 시켜야 할 닭껍질 얼마길래
635,포토 유하경 고혹적인 미모로 미스그랜드코리아
636,포토 김선영 요정같은 깜찍함 미스그랜드코리아
637,포토 최다빈 돋보이는 여신미 미스그랜드코리아
638,포토 박세림 매혹적인 섹시미 미스그랜드코리아
639,포토 이지흔 눈길 사로잡는 청순미 미스그랜드코리아
640,포토 권희영 탄성 자아내는 글래머 몸매 미스그랜드코리아
641,포토 권희영 환상적인 라인 미스그랜드코리아
642,남자 농구 존스컵 첫 경기서 요르단 제압
643,피자마루  청춘연가  커피베이  인도네시아 프랜차이즈 진출나서
644,차세대  무전기  년 말 양산전력화 돌입
645,포토 박유진 넘쳐나는 여신미 미스그랜드코리아
646,포토 김혜원 물오른 여신자태 미스그랜드코리아
647,포토 강보미 우아하게 미스그랜드코리아
648,포토 장소영 여신 각선미 미스그랜드코리아
649,포토 임정화 아름다운 드레스 자태 미스그랜드코리아
650,포토 윤수미 천사같은 미소 미스그랜드코리아
651,포토 황정은 여신같은 드레스 자태 미스그랜드코리아
652,포토 신수인 여신급 미모 선보이며 미스그랜드코리아
653,포토 고은채 청순함 가득한 여신미 미스그랜드코리아
654,포토 임수진 심쿵한 여신미 미스그랜드코리아
655,포토 박유진 넘쳐나는 여신미 미스그랜드코리아
656,이민정 여전한 인형 미모포토엔
657,조코위 인니 대통령 야당 지도자와 지하철 회동긴장 완화
658,포토대구시 국제비치발리볼 대회인도네시아 선수들
659,포경 수술 받기 싫어 지붕으로 올라가 결사반대 농성 벌인 살 소년
660,버스 정류장 앞에서 전자 담배 피우는 초등학생을 발견했습니다
661,포토 이우현 빠져드는 여신미 미스그랜드코리아
662,포토 문진희 마네킹보다 완벽한 몸매로 미스그랜드코리아
663,포토 이유나 사랑스런 요정눈빛 미스그랜드코리아
664,포토 심보미 눈부신 꽃미모 미스그랜드코리아
665,포토 이도정 시선강탈하는 각선미 미스그랜드코리아
666,이민정 여전한 인형 미모포토엔
667,이민정 고개 숙인 채 발걸음은 빠르게포토엔
668,이민정 계절 앞서가는 공항패션포토엔
669,이민정 여유로운 주말 오후의 인사포토엔
670,이민정 패션만 보면 이미 가을포토엔
671,이민정 멀리서 봐도 놀라운 미모포토엔
672,이민정 흘러넘치는 청순함포토엔
673,이민정 멀리서도 느껴지는 아우라포토엔
674,이민정 달달한 여신 눈빛포토엔
675,이민정 고개 숙인 채 발걸음은 빠르게포토엔
676,이민정 인형이 따로 없네포토엔
677,이민정 심쿵 아이컨택포토엔
678,이민정 심쿵 아이컨택포토엔
679,이민정 소녀라고 해도 믿겠네포토엔
680,이민정 멜로드라마 하나 찍어줘야 하는 비주얼포토엔
681,이민정 이렇게 봐도 저렇게 봐도 예쁨포토엔
682,이민정 매일매일이 리즈 미모포토엔
683,이민정 이러니 이병헌이 반할 수밖에포토엔
684,이민정 계절 뛰어넘는 아름다움포토엔
685,이민정 뭘 좀 아는 포즈포토엔
686,이민정 당겨도 무결점 피부포토엔
687,이민정 애엄마라고는 믿기지 않는 미모포토엔
688,이민정 순정만화 속 여주인공 비주얼포토엔
689,팔아야귀국 장동민 철판 떡볶이신봉선 김밥 인도네시아 입맛 공략
690,팔아야 귀국 인도네시아 첫 매출 한화 만원 부진에 실망
691,팔아야귀국 장동민 철판 떡볶이신봉선 김밥 인도네시아 입맛 공략
692,팔아야 귀국 블락비 유권 인도네시아 고추 매운맛에 눈물결정적장면
693,팔아야귀국 신봉선 팝업스토어 장식한 사진에 셀프디스 옛날 코라서
694,팔아야귀국 신봉선 팝업스토어 장식한 사진에 셀프디스 옛날 코라서
695,팔아야 귀국 신봉선 장동민 돈 세는 모습에 멋있지 않나
696,인도네시아에 항암제 공급 고속도로 깐 종근당
697,인도네시아에 항암제 공급 고속도로 깐 종근당
698,마리 거대 비단뱀에 둘러쌓여 태연하게 스마트폰 보는 소녀
699,마리 거대 비단뱀에 둘러쌓여 태연하게 스마트폰 보는 소녀
700,이민정 덴파사르로 떠나요포토엔
701,이민정 화보 예쁘게 찍고 올게요포토엔
702,이민정 화보 예쁘게 찍고 올게요포토엔
703,이민정 딱 예쁜 비율포토엔
704,화웨이 보안역량 강화 위해 년간 억달러 투자
705,인니 수공사장 한국 가보니 격차 실감벤치마킹 원해
706,성동구 일부터 성동 글로벌 교환근무 운영
707,화장품은 여성에게 자신감을 불어넣죠 무슬림 여성의 마음 공략한 할랄 브
708,인도네시아어 년 월 일 오늘의 외국어 한마디는
709,팔아야 귀국 신봉선 장동민에 집중하는 모습 잘 생겼다결정적장면
710,팔아야 귀국 블락비 유권 달달한 통화년 사귄 여친 전선혜와 꽁냥꽁냥
711,한국 농구 대만 팀 꺾고 윌리엄존스컵 연승
712,이대성라건아 득점 한국 존스컵 연승
713,무협 인니서 스타트업 글로벌 멘토링 프로그램 개최
714,무협 자카르타서 스타트업 멘토링 프로그램 개최
715,무협 인도네시아서  스타트업 글로벌 멘토링 개최
716,무협 인도네시아서 스타트업 글로벌 멘토링 진행
717,무협 자카르타서 스타트업 멘토링 프로그램 개최
718,화웨이 년도 지속가능경영 보고서 발간
719,무협 인니서 스타트업 글로벌 멘토링 프로그램 개최
720,맥스 후폭풍보잉 세계 위 타이틀 놓치나
721,인터뷰 부산은 특별한 도시 힐튼 부산 노셀 총지배인
722,억만명 인니 시장 잡아라프랜차이즈 인도네시아 시장 확산 위
723,게시판 한국프랜차이즈협회 인도네시아 진출 촉진 위해 업무협약
724,한국프랜차이즈 인니 프랜차이즈 협회와 해외진출 협력 
725,한국프랜차이즈 프랜차이즈 인도네시아 진출 확산 위한  체결
726,합천군 브리핑 냉동 딸기 인도네시아 첫 수출 등
727,행안부 인도남아공 등 개국 초청 스마트시티 워크숍 개최
728,글로벌  인도네시아 제약 시장이 주목받는 이유는
729,무협 인도네시아  스타트업 글로벌 멘토링 프로그램 진행
730,억만명 인니 시장 잡아라프랜차이즈 인도네시아 시장 확산 위
731,한국 프랜차이즈 세계로 위상 높인다인도네시아  체결
732,한국프랜차이즈 인도네시아에 프렌차이즈확산시킬 것
733,인도네시아 가는 길 화악넓어질까 여행업계 한국인도네시아 항공회담에 촉
734,무역협회 자카르타서 스타트업 멘토링 개최
735,행안부 인도말레이시아 등 개국 초청 스마트시티 워크숍 개최
736,글로벌  화웨이 미국 거래금지 조치에도 상반기 수익 증가
737,글로컬 시대 실리 외교 확장 꾀하는 전북도
738, 할마헤라 지역서 규모  지진국내 영향없어
739,인도네시아 몰루카제도 규모  지진으로 가옥 파손
740,인도네시아 진출 위해 업무협약
741,기업 포커스 무역협회 자카르타서 스타트업 바이어 상담회
742,유럽에 울려퍼진 제주어린이의 노랫소리
743,인니 프랜차이즈 업무협약
744,발리 녹색부담금 도입 등 폐기물 관리 본격화
745,프랜차이즈 한국 기업 진출 도와요
746,합천 첫눈에 반한 냉동 딸기 인도네시아 첫 수출
747,글로컬 시대 실리 외교 확장 꾀하는 전북도
748,라건아 점 김상식호 이란 제압존스컵 연승
749,한국무역협회과학기술정보통신부문화체육관광부 자카르타서 스타트업 멘
750,라건아 점이대성 점 한국 이란 잡고 존스컵 연승
751,인니 말루쿠 제도에 규모  강진쓰나미 경보 발령안돼
752,인도네시아 규모  강진 석조 건축물 와르르
753,글로벌사건  호주  지진 시간 만에 인도네시아 동북부서 규모  강
754,존스컵 라건아이대성  대표팀 이란에 점차 진땀승
755,프랜차이즈 국내 기업 인도네시아 진출 돕는다
756,인니 몰루카제도 규모 지진 발생
757,인니 헬마헤라 섬에서 규모  강진
758,라건아 점 김상식호 이란 제압존스컵 연승
759,지진 피해 길거리에 나온 주민들
760,팔아야 귀국 우리나라처럼 인도네시아에서도 평소 매운 음식을
761,인니 몰루카제도 규모  지진쓰나미 경보 없어
762,부활의 주를 만난 사람들 기자 꿈꾸던  청년 방황 접고 주님과 동
763,인도네시아 몰루카제도서 또 규모  지진 쓰나미 경보 없어
764,울산조선해양플랜트사업협동조합 사업 설명회 개최
765,인도네시아 청소년 교류대표단 울산외고 방문
766,울산조선해양협동조합 일 사업설명회
767,라건아 점 한국농구 이란 꺾고 존스컵 연승
768,인니 몰루카제도 규모 지진쓰나미 경보 없어
769,지진 피해 길거리에 나온 주민들
770,지금 세계는 인도네시아 동부 규모  지진
771,인도네시아서 규모  강진쓰나미 가능성은 없어
772,인도네시아어 년 월 일 오늘의 외국어 한마디는
773,합천군 냉동딸기 인도네시아 첫 수출
774,제약 글로벌 교두보 왜 인도네시아인가
775,보잉  맥스 기종 내년 초까지 지상에 발 묶여 있을 듯
776,포토 아나즈이도정 베스트드레서 아나즈상 수상 미스그랜드코리아
777, 라이프 제의 짜파구리 마트를 점령하다
778,팝업투어 인천공항 터미널 국제면허증 발급
779,지금 세계는 인도네시아 동부 규모  지진
780,대일논단 동인도회사의 기업가 정신과 창업
781,코스맥스  뷰티 영향력 축소매출 부진 지속목표가메리츠
782,아침 주요뉴스 미쓰비시 배상 협의 거부할 듯
783,더벨한국피자헛 대표이사 공석 사태 길어지나
784,합천 냉동 딸기 인도네시아 첫 수출
785,진범 해외 개국 선판매대만 일 개봉 확정한국형 스릴러 했다
786,아침 대구 비치발리볼 월드투어 러시아 우승
787,해외 개국 선판매대만 개봉 확정진범 한국형 스릴러 했다
788,코스맥스 안정적 성장기 진입메리츠종금증권
789,인니 몰루카제도 규모  지진쓰나미 없어
790,대일논단 동인도회사의 기업가 정신과 창업
791,닭껍질튀김 편의점서도 맛볼 수 있다
792,인도네시아 규모  강진 여진 여차례명 사망
793,진범 한국형 스릴러 해외 개국 선판매 대만 개봉 확정
794,인도네시아  강진에 한 명 사망여 차례 여진 발생
795,코스맥스 목표주가 하향 고성장기 지나고 안정적 성장기 들어서
796,진범 해외 개국 선판매 및 대만 개봉 확정
797,추락 사고 후폭풍 보잉  맥스 내년까지 지상에 발 묶일 듯
798,데카콘 기업 탄생한 인니 스타트업 발내딛다
799,포토샵 보정 심해서 당선 논란에 휩싸인 인니 국회의원
800,닭껍질튀김 편의점서도 맛볼 수 있다
801,인도네시아 몰루카 규모  강진명 사망
802,인도네시아  강진에 명 사망가옥 채 파손
803,박기영 한국프랜차이즈산업협회장 국내 기업 인도네시아 진출 돕는다
804,네이버 브이라이브 인도네시아 아이유 라이사 컴백 독점 라이브
805,네이버 브이라이브 인도네시아 아이유 라이사 독점 컴백 지원
806,인도네시아 지진  강진에 한 명 사망여진 차례
807,진범 해외서 통했다 개국 선판매대만 개봉 확정
808,브이라이브 인도네시아 시장도 성공적 안착
809,네이버 브이라이브 인도네시아의 아이유 라이사 독점 컴백 라이브 성료
810,인도네시아 몰루카 규모  강진명 사망
811,한국무역협회 자카르타서 스타트업 멘토링 프로그램 진행
812,앱애니 분기 모바일 게임 지출액 억 달러전체의 
813,인도네시아 몰루카제도  강진에 한 명 사망
814,보안 스타트업 인도네시아 진출 포문 연다
815,정보보호 스타트업 인도네시아 시장 진출 포문 열어
816, 인도네시아 스타트업 멘토링 프로그램 개최 스타트업 진출 문
817,추락 참사 보잉  맥스 기종 내년 초까지 운항재개 어려울 듯
818,당신 쓰레기 가져가라 트럼프에게 편지 보낸 인니 소녀
819,새로운 색깔 입은 리모와
820,한국무역협회 자카르타서 스타트업 멘토링 프로그램 진행
821,지난 분기 모바일 게임 지출액 억 달러전체 사용자 지출액의  차지
822,인도네시아 소녀들 트럼프에 편지왜 쓰레기 수출하나
823,인도네시아  강진에 명 사망여진 여 차례 발생
824,아시아가 년 세계 의 절반 이상 차지세계 중심축  이동
825,지난 분기 모바일 게임 지출액 억 달러전체 사용자 지출액의  차지
826,내년부터 아시아 중산층 억명 세계 소비시장 주도 맥킨지 보고서
827,진범 해외 개국 선판매 및 대만 개봉 확정
828,진범 해외 개국 선판매 및 대만 개봉 확정
829, 인도네시아 스타트업 멘토링 프로그램 개최
830, 인도네시아와 스타트업 교류협력 프로그램 진행
831, 인도네시아와 스타트업 교류협력 프로그램 진행
832,프랜차이즈산업 인도네시아프랜차이즈협회와 업무협약
833,한국인도네시아 정보보안 스타트업 교류 확대 행사 개최
834,한국인도네시아 정보보안 스타트업 교류 확대 행사 개최
835,전 세계 유저 분기 모바일 게임 지출액은 조원
836,굿보이 방탄소년단 뷔 겸손하고 예의바른 매너로 해외 언론들 집중 보도
837,보잉  맥스 연내운항 어려워항공사 연말대목 초비상
838,인도네시아서 열린 스타트업 멘토링 프로그램
839, 국내 스타트업 인도네시아 진출 지원
840,국내 정보보호 스타트업 인도네시아 시장 진출 포문 열었다
841,왜 옷은 사도 사도 없을까 당신의 고민을 덜어 줄 패션 영상
842,한국인터넷진흥원 인도네시아 스타트업 멘토링 프로그램 개최
843,분기 구글 플레이 글로벌 모바일게임 다운로드 위는 인도 앱 매출 
844,유니클로세아 거래 관계 복원
845,항공사들 보잉  운항 년 초까지 또다시 연기
846,브루나이 찾는 관광객 수 중국인말레이인인니인 순
847,네이버 브이라이브 인도네시아 아이유 라이사 컴백 라이브 성공 안
848,콘진원  인도네시아 스타트업 멘토링 프로그램 운영
849, 인도네시아 스타트업 멘토링 프로그램 개최
850,한국인터넷진흥원  스타트업 인도네시아 진출 지원
851,분기 전 세계 앱 매출 달러 중 가 게임
852,아스트 과 엠브라에르   수주 체결조 규모
853, 개국 보안 관계자 대상으로 침해사고 대응 교육 실시
854,사진 지진 소식에 야외에서 뜬눈으로 밤 지새운 인니 주민들
855,아스트 과 엠브라에르   수주 체결조 규모
856,진범 해외 개국 선판매대만 개봉 확정
857,인터넷진흥원인도네시아 신남방 정책 정보보호 스타트업 협력
858,인터넷진흥원인도네시아 신남방 정책 정보보호 스타트업 협력
859,네이버브이라이브 인도네시아 안정적 안착라이사 독점 라이브로 시작
860,존스컵 라건아이대성 쌍끌이 한국 이란 꺾고 대회 연승 질주
861,존스컵 라건아이대성 쌍끌이 한국 이란 꺾고 대회 연승 질주
862,앱애니 지난 분기 모바일 게임 지출액 억 달러
863,앱애니 지난 분기 모바일 게임 지출액 억 달러
864, 아태지역 개국과 침해사고 대응 교육 실시
865, 아태지역 개국과 침해사고 대응 교육 실시
866,인도네시아 스타트업 멘토링 프로그램개최
867,인도네시아 스타트업 멘토링 프로그램개최
868,신라대 개도국 대학생 대상 한류 보급
869,분기 모바일 게임 지출액 조원전체 앱 사용액  차지
870,여자친구 새 미니 피버 시즌으로  빌보드 월드 앨범 차트 번째 
871,  여자친구 월드 앨범차트  진입 빌보드 꾸준한 성장
872, 빌보드 여자친구 월드 앨범 톱 집중 조명 꾸준한 인기
873,글로벌 성장엔진으로 떠오르는 아시아 고성장 신흥 개국 포함
874,여자친구 번째 빌보드 월드 앨범차트  진입꾸준한 성장 호평공
875,여자친구 피버시즌  빌보드 월드앨범차트   진입
876,농구 국가대표팀 존스컵에서 이란 꺾고 연승 행진
877,농구 국가대표팀 존스컵에서 이란 꺾고 연승 행진
878,아시아 크레딧 리포팅 포럼 
879,아시아 크레딧 리포팅 포럼 
880,인도네시아 강진명 사망 집 여채 붕괴
881,인도네시아 강진명 사망 집 여채 붕괴
882,콘진원  인도네시아 스타트업 멘토링 프로그램 개최
883,콘진원  인도네시아 스타트업 멘토링 프로그램 개최
884,여자친구 피버시즌 으로 빌보드 월드 앨범 차트   진입
885,여자친구  으로 번째  빌보드 월드 앨범 차트  진입
886,여자친구  으로 번째  빌보드 월드 앨범 차트  진입
887,아스트 엠브라에르 주최   데모투어 공급업체로 참여
888,송새벽유선 영화 진범 개국 수출
889,송새벽유선 영화 진범 개국 수출
890, 빌보드 여자친구 월드 앨범 차트  진입 집중 조명
891, 빌보드 여자친구 월드 앨범 차트  진입 집중 조명
892, 인니 스타트업 천개사 넘어세계 위
893,점슛 개 폭발 대표팀 인도네시아 점차 완파존스컵 연승
894,분기 글로벌 모바일 게임 지출 억달러전체 이용자 지출  차지
895,인니 서파푸아 해역서 롱보트 침몰명 중 명 생존
896,존스컵  개 폭발 한국 인도네시아 상대로 점 차 대승 연승
897,존스컵 점슛 대폭발 대표팀 인도네시아 대파하고 대회 연승
898,인천 인도네시아 산업기계 전시회 참가업체 모집
899,항공사들 보잉  맥스 수천대 운항 연기내년 초까지 못 날 듯
900,인도네시아 콘텐츠 엑스포 참가기업 모집
901,한국콘텐츠진흥원 인도네시아서 스타트업 멘토링 개최
902,한국남자농구대표팀 존스컵 연승
903,진퇴양난 보잉  맥스 연내 못 뜬다 항공사들 운항중단 연기
904,한콘진 스타트업 동남아 진출 지원
905,아이들만의 시간 클럽메드 빈탄 폼파티
906,클럽메드 빈탄에서 꼭 해봐야 할 것 양궁
907,싱가포르서 시간 거리 가족여행 파라다이스
908,한국인도네시아 항공회담 서울서 열린다
909, 키즈콘텐츠 차대전놀이에서 교육로 변신
910,인도네시아 서파푸아 해역서 롱보트 침몰명 중 명 구조
911,한국남자농구대표팀 존스컵 연승
912,년 역사 파버카스텔 세계최대 연필 된 비결제품혁신생산 글로벌화
913,인도네시아  강진에 명 사망여 차례 여진종합
914,과기정통부 인도네시아 스타트업 멘토링 프로그램 개최
915,네이버 브이라이브 인도네시아 시장 성공적 안착
916, 살 소년이 필사적으로 지붕 위로 도망친 웃픈 이유
917,윌리엄존스컵 점슛 개 한국 존스컵 연승 행진
918,여자친구 월드 앨범 차트  진입  빌보드 꾸준한 성장 호평
919, 인도네시아 스타트업 멘토링 프로그램 개최정보보호 스타트업 
920,웰메이드 스릴러 진범 아시아 개국 개봉 확정
921,앱애니 분기 모바일 게임 지출액 억달러전체 사용자의  차지
922,년 역사 파버카스텔 세계최대 연필 된 비결제품혁신생산 글로벌화
923,고품격 피어젠 가구 중국 동관 국제인테리어전시회 참가 눈길
924,빌보드 여자친구 집중조명 꾸준한 성장 중 호평
925,닥터유스의원 김지수원장   학회에서 세계 피부미용성형분야 의
926,여자친구  빌보드 월드 앨범 차트  진입 글로벌 대세
927,이정현 점 한국 인도네시아 꺾고 윌리엄 존스컵 연승
928, 관객상 진범 해외 개국 선판매
929,종교는 달라도 색다른 한국문화 체험 새로워
930,인도네시아  강진에 명 사망여 차례 여진
931,고품격 피어젠 가구 중국 동관 국제인테리어전시회 참가 눈길
932,엔케이물산 인도네시아 팝 콘서트 공동주최 계약
933,큰손 늘고 기술 주도 세계 중심  이동
934,싱가포르발 여객선 인니 빈탄섬 인근 좌초승객 명 구조
935,공시엔케이물산 인도네시아 콘서트 공동주최 계약 체결
936,인니 미술시장서 작가 경쟁력 보일까
937,포토샵 보정 너무하잖아 당선 논란 휩싸인 인니 의원
938,분기 모바일게임 지출액 억달러 전체 
939,엔케이물산 인도네시아 팝 콘서트 공동주최 계약
940,형형색색 인도네시아 식재료들
941,빈탄 더 레지던스 풀빌라의 로망 플로팅 다이닝
942,더 레지던스 빈탄 리조트 키즈클럽
943,빈탄 골프장에서 즐기는 스페셜 디너
944,클럽메드 빈탄에 가면 공중그네 체험을
945,클럽메드 빈탄 밤에는 쇼
946,인도네시아 빈탄섬 해변에서 휴양 어떠세요
947, 타고 빈탄섬 대자연 속으로
948,엔케이물산 슈퍼  페스티발 인도네시아  콘서트 공동주최 계약
949,점슛 개 한국 남자농구 존스컵 연승
950,형형색색 인도네시아 식재료들
951,포토 인니 강진 여진 공포에 집 밖으로
952,합천군청 합천군 냉동 딸기 인도네시아 첫 수출
953,김주하의 월 일 이 한 장의 사진
954,합천군청종합 합천군 냉동 딸기 인도네시아 첫 수출
955,여자친구  빌보드 월드 앨범 차트 톱 진입
956,왕궁초 고령의 정봉운 동문 후배들 위해 앙끄롱 악기 기증 기념 연주회 가져
957,인도네시아  강진에 최소 명 사망
958,남자농구 대표팀 인도네시아 대파점슛 개 성공
959,빌보드 여자친구 꾸준한 성장 월드 앨범 차트 톱 진입 집중 조명
960,포토 인니 강진 여진 공포에 집 밖으로
961,인도네시아 규모  강진피해 잇따라
962,감정 이미지를 몸짓으로 송도서 춤판이 벌어진다
963,선교편지 켐니츠 다민족 교회 소식
964,파푸아뉴기니 뉴브리튼섬 부근 규모  지진 발생  국제소식
965,합천군청종합 합천군 냉동 딸기 인도네시아 첫 수출
966, 개 대한민국 인도네시아 꺾고 윌리엄 존스컵 연승
967,합천군청 합천군 냉동 딸기 인도네시아 첫 수출
968,종합합천군청 합천군 냉동 딸기 인도네시아 첫 수출
969,합천군 냉동 딸기 인도네시아 첫 수출  합천군청
970,인도네시아 규모  강진피해 잇따라
971,무슬림 잡아라 할랄에 꽂힌 국내 제약사들
972,군수민수 공략 년 글로벌 항공기업 도약할 것
973,네이버 브이라이브 인니 스타들과 협업 확대 글로벌 진출 가속화
974,라마단 우리나라처럼 인도네시아에서도 평소 매운 음식을
975,보잉 최고책임자 사임
976,정광고 광주세계수영대회 성공 개최 기원 야쿠티아공화국 국립음악학교 관
977,팔아야귀국 멤버들은 인도네시아의 숙소에서 나와 새로운
978,  인도네시아 스타트업 멘토링 프로그램 진행
979,합천군청종합 합천군 냉동 딸기 인도네시아 첫 수출
980,김상식호 인도네시아 대파하고 존스컵 연승
981,무슬림 잡아라 할랄에 꽂힌 국내 제약사들
982,방탄소년단 정국  연예매체 선정 매력적인 턱선을 가진 남자 스타
983,블록체인 콘텐츠 플랫폼 콘텐토스 오는 일 국내 밋업 개최
984,해외 이모저모 아찔 절벽서 풍덩레바논 다이빙 대회
985,겸손하고 예의바른 방탄소년단 뷔 최고의 굿보이
986,방탄소년단 정국  연예매체 선정 매력적인 턱선을 가진 남자 스타
987,공식 진범 해외 개국 선판매  대만 개봉 확정
988,뉴스터치 인도네시아 소녀들 트럼프에 편지왜 쓰레기 수출해요
989,인도네시아어 년 월 일 오늘의 외국어 한마디는
990,첫째도 둘째도 셋째도 라는데세계 대  스타트업에 한국 
991,나 옛날 코 라서 장동민은 한국에서 공수해온 철판을 활용해
992,방탄소년단 정국  연예매체 선정 매력적인 턱선을 가진 남자 스타
993,서울아산 해외 의료진 대상 내시경초음파검사 교육 실시
994,발리 지진 규모 현지 여행객 반응 보니
995,인도네시아 발리섬 인근 해상서 규모  지진쓰나미 발령 경보 
996,인도네시아 발리 인근 해상 규모  지진 발생
997,인니 강간 피해자 수술용 마스크로 얼굴 가린 사연
998,인도네시아 발리 인근 규모  지진쓰나미 경보 없어
999,월드투어 떠나는 뉴이스트 황민현 치명치명 매력 화보
1000,팔아야귀국 장동민과 신봉선은 푸드로 입맛 공략에
1001,포경수술 받기 싫어요 병원 지붕 위로 도망친 세 소년
1002,서울아산 해외 의료진 대상 내시경초음파검사 교육 실시
1003,발리 인근 지진 발생규모 
1004,인도네시아 발리섬 인근 규모  지진 발생가구침대 흔들흔들
1005,와이즈유 박나훈 교수 인도네시아 초청공연 진행
1006,서울아산병원 내시경초음파검사 국제 교육 프로그램 실시
1007,속보 인도네시아 발리 인근 해상에서 규모 지진쓰나미 경보는
1008,인도네시아 발리서 규모  지진인근 섬 흔들
1009,인니 발리서 규모  지진 발생쓰나미 경보 없어
1010,발리 지진 인도네시아 발리섬 인근해상서 규모  지진발리 쓰나미 발령
1011,규모  강진 한 달도 안 됐는데인도네시아 발리 인근서 규모  지진
1012,인도네시아 발리 인근 또 지진 규모 
1013,발리 인근 지진 발생규모 
1014,라이프온 신제품 엑소덴 건치치약 출시
1015,인도네시아 발리 인근 규모  지진쓰나미 가능성 없어
1016,서울아산병원 해외 의사 대상 내시경초음파 교육 진행
1017,와이즈유 박나훈 교수 인도네시아 초청공연 눈길
1018,팔아야귀국 유동인구가 많은 중심가에 위치한 팝업스토어
1019,인도네시아 발리 인근 규모  지진쓰나미 경보 
1020,발리섬 인근 해상서 규모  지진 발생쓰나미 경보 미발령
1021,와이즈유 박나훈 교수 인도네시아 초청공연 눈길
1022,발리 지진 발생규모  쓰나미 경보는 없어
1023,라이프온 신제품 엑소덴 건치치약 출시
1024,이상아 올해 나이 번의 이혼 사유는 딸 윤서진 인스타 수입 만원
1025,내시경초음파 교육 최고 서울아산 찾은 개국 의사
1026,인도네시아 발리섬 인근 해상서 규모  지진 발생
1027,라이언에어 추락기종 보잉  맥스 모델명 바꿔 눈속임
1028,해외 의료진 내시경초음파검사 교육 받으러 서울아산 찾아
1029,와이즈유 박나훈 교수 인도네시아 초청공연 가져
1030,발리 인근 해상  지진 현지 교민 피해 없어
1031,발리 인근 해상서 규모  지진쓰나미 경보 없어
1032,선거포스터 포샵은 사기단점 보완도 못하나
1033,전시 이슈 환경 문제에 접근하는 세 가지 방식의 전시
1034,이상아 올해 나이 번의 이혼 사유는 딸 윤서진 인스타 수입 만원
1035,서울아산 내시경초음파검사 국제 교육 진행
1036,발리 지진 산산조각난 힌두 사원
1037,해외 의사들 서울아산병원에서 내시경초음파검사 교육
1038,보잉 추락기종 맥스 이름 바꾼다
1039,인니 발리 주지사 전기 오토바이 이용 확대 촉구
1040,팔아야귀국 이현우 장동민 신봉선 나르샤
1041,인도네시아 발리서 규모  지진 발생쓰나미 경보 없어
1042,청년의 바다 세계청년축제 일 개막아시아문화전당 일원
1043,더리터차 여름 신메뉴 출시흑당 버블티마시는 빙수 등
1044,서울아산 내시경초음파검사 국제 교육 진행
1045,웨이션브이 루카스 글로벌 광고 블루칩 부상기대
1046,광주광역시  세계청년축제 오는 일 개막
1047,발리 지진 건물 밖으로 대피한 사람들
1048,광주시  세계청년축제 오는 일 개막
1049,해외 의사들  교육 받으러 서울아산병원 방문
1050,라마단 외부로 나가 본격적인 홍보를 시작하면서
1051,탁구 호주오픈 우승 콤비 이상수정영식 중국 깰 자신감 얻어
1052,청년의 바다  세계청년축제 일 개막
1053,짜베 라윗 이현우 장동민 신봉선 나르샤
1054,웨이션브이 루카스 글로벌 광고 블루칩 부상기대
1055,관광 환경 위협하는 쓰레기산여행도 친환경으로 즐겨라
1056,웨이션브이 루카스 떠오르는 글로벌 광고계 샛별트위터 실시간 트렌드도 장
1057,루카스 글로벌 광고 블루칩인니 커피 브랜드 모델 발탁
1058,웨이션브이 루카스 글로벌 광고계 블루칩으로 급부상실시간 트렌드 장악
1059,여행 하얗게 불태웠어 홍콩야행 인싸 나이트라이프
1060,한국에서 내시경초음파검사 교육 받았습니다
1061,청년들이 기획하고 만든다  세계청년축제 일 개막
1062,광주광역시 청년의 바다  세계청년축제 개막
1063,올감 첫번째 효소 제품라인 올감 진 선 미 런칭
1064,광주광역시 일  세계청년축제 개최
1065,관광 환경 위협하는 쓰레기산여행도 친환경으로 즐겨라
1066,팔아야귀국 장동민은 커다란 철판을 가져왔고 추억의
1067,인도네시아 발리 인근  지진사원학교 파손
1068,청년의 바다  세계청년축제 일 개막
1069,클럽메드의 밤은 쇼
1070,광주시 세계청년축제 일 개막
1071,클럽메드 빈탄 아일랜드의 밤은 폼파티
1072,클럽메드 빈탄 아일랜드 해변
1073,빈탄 여행의 로망 해변 풀빌라
1074,팔아야귀국 장동민은 커다란 철판을 가져왔고 추억의
1075,서울아산병원 해외 의료진 대상으로 내시경초음파검사 교육
1076,짜베 라윗 장동민은 한국에서 공수해온 철판을 활용해
1077,팔아야귀국 다양한 종류의 고추를 살펴보고 향을
1078,인니 발리 인근서  지진사원학교 파손
1079,클럽메드 빈탄 아일랜드 공중그네 클래스
1080,직접 만들어 구워먹는 인도네시아 사테 꼬치요리
1081,인도네시아 빈탄섬 남서쪽 힐링 파라다이스
1082, 타고 달려보는 빈탄섬 더 레지던스
1083,세계청년축제 일 광주에서 개막
1084,서울아산병원 해외 의료진 대상으로 내시경초음파검사 교육
1085,더리터 차 여름 신메뉴 출시점주 상생 이벤트 화제
1086,청년의 바다   세계청년축제 일 개막
1087,애플라인드 빙상복 세계시장서 돌풍 메이드 인 코리아
1088,년 분기 모바일 게임 매출 조 백억 한국 매출 위에 올라
1089,청년들이 기획한  세계청년축제 수영대회 열리는 광주서 개막
1090,발리 지진으로 대피한 관광객들
1091,팔아야귀국 붐벼야 정상인 쇼핑몰에도 사람이 없었던
1092,인도네시아 발리 인근에서 지진사원학교 파손
1093,세계 미녀 비치발리볼 선수들이 대구를 찾은 이유
1094,더리터 차 여름 신메뉴 출시점주 상생 이벤트 화제
1095,일산가구단지 우드슬랩 전문점 미선디자인 할인찬스 혜택 실시
1096,    어업의 현재와 미래 논해
1097,지평선 여자 술탄과 알라딘
1098,광주광역시 청년의 바다  세계청년축제 일 개막
1099,청년의 바다 주제  세계청년축제 일 개막
1100,추락 참사 보잉 맥스 이름 바뀌나새이름 단 비행기 포착
1101,트라이브 엑셀러레이터 기업과 블록체인 스타트업 간극 줄일 것
1102,발리 규모  지진에 관광객 긴급 대피
1103,영상 인도네시아 발리 인근  지진사원학교 파손
1104,라마단 이현우 장동민 신봉선 나르샤
1105,클럽메드 빈탄 아일랜드 이색 골프가든 디너
1106,클럽메드 빈탄에서 공중요가 배워보세요
1107,빈탄섬 열대자연 속에서 서바이벌 게임을
1108,빈탄섬 빌라에서 즐겨보는 가족여행
1109,고깔쓰기 축제 도입 패션관광산업 뒷받침 가능
1110,웨이션브이 루카스 글로벌 광고계 블루칩 부상
1111,세계청년축제 일 개막 청년의 바다 주제
1112,의학게시판 서울대치과병원 치과수술 주제 무료 공개강좌 
1113,라마단 이현우 장동민 신봉선 나르샤
1114,인도네시아 의원 과도한 보정사진은 선거부정
1115,너무 예뻐졌으니 선거부정 의원 과도한 보정사진에 피소
1116,베타크립토잔틴 함유량 어마어마 레드푸드 부아메라 효능 및 오일 활용법
1117,농약 수출 억달러 돌파중국 편중 해소원제 개발 과제
1118,신비의 과일 부아메라 베타크립토잔틴 함유량 어마어마해 효능 및 오일 먹
1119,청년의 바다  세계청년축제 일 개막
1120,오늘의 세계 주행 중 정신 잃은 운전자 구조한 경찰
1121,한국 필리핀에 져 존스컵 국제농구 연승 뒤 첫 패
1122,새만금이 이뤄낸 또 하나의 쾌거
1123,남자농구 필리핀에 덜미존스컵 연승 뒤 첫 패
1124,인도네시아 의원 과도한 보정사진은 선거부정
1125,국표원 아세안 개국 초청  기술워크숍 및 실증체험 행사시장진출 모
1126,지능형교통시스템 아세안 진출 물꼬 튼다
1127,국가기술표준원 한아세안  협력워크숍 개최
1128,한국 지능형교통시스템 아세안 국가에 소개시장진출 모색
1129, 지능형교통시스템 아세안 국가에 전파
1130,신봉선 여름이라 입맛이 없다 감자탕 먹방 폭소
1131,전문성 강화 과장 드래프트제 시행에 인사적체 심화 불만
1132,포장김치 계절은 여름이다
1133,국표원 아세안 개국 초청  기술워크숍 및 실증체험 행사시장진출 모
1134,시노펙스 인니 수방군과 수처리  체결
1135,세븐일레븐도 닭껍질 튀김 출시
1136,광주시 청년의 바다  세계청년축제 일 개막
1137,더벨코스맥스 인니 진출 년만에 흑자전환 청신호
1138,세븐일레븐서도 닭껍질튀김 판매
1139,아시아나항공 자카르타 노선 좌석수 늘린다 투입
1140,년 전 오늘 인도네시아 호텔 곳서 폭탄 테러
1141,이 시각 세계 인도네시아 발리 인근 규모  지진
1142, 지능형교통시스템 아세안 국가에 소개국표원 협력워크숍 개최
1143,인도네시아어 년 월 일 오늘의 외국어 한마디는
1144,시노펙스 인니 수방군과 수처리  체결
1145,핑거루트 다이어트에 효과 좋지만 부작용도 있어 핑거루트 위장 약하면 주
1146,조아라 인도네시아서 자사 웹소설 종 선보인다
1147,핑거루트 다이어트에 탁월열 많고 장 약하면 주의
1148,시노펙스 인니 수방군과 나노여과 정수 및 수처리  체결
1149,핑거루트 홍지민  감량비법지방생성 억제로 다이어트 효과적
1150,더벨시노펙스 인니 수방군과 나노여과정수수처리 
1151,시노펙스 수처리 기술 인도네시아 진출
1152,시노펙스 인니 수방군과 나노여과 정수수처리  체결
1153,조아라 인니 콘텐츠 기업 네오바자르와 웹소설 공급 계약 체결
1154,핑거루트 다이어트에 효과 좋지만 부작용도 있어 핑거루트 위장 약하면 주
1155,시노펙스 인니 수방군과 나노여과 수처리 협력
1156,국표원 일 한아세안  협력워크숍 개최
1157,웹소설 플랫폼 조아라 인도네시아 콘텐츠 기업 네오바자르와 웹소설 공급 계
1158,가난한 이들 통해 예수님 체험하는 자비의 신비가 되십시오
1159,핑거루트 홍지민도  감량 시킨 그 것
1160,말레이 하원 선거연령 세세 개헌안 만장일치 통과
1161,핑거루트 홍지민  감량 비법이 성분 때문
1162,홍지민이 추천하는 핑거루트 먹는 방법은
1163,핑거루트 판두라틴 지방세포 킬러 다이어트 효과생강처럼 따뜻 복통 설
1164,한국관광공사 인도네시아 자카르타서 한국 의료관광 행사
1165,우크라이나 국회 아동 성범죄자 화학적 거세 의무화 법안 가결
1166,클래시스  국제미용성형학회 참가
1167,청년이 만드는 축제 세계청년축제 광주서 일 개막
1168,클래시스 국제미용성형학회 학술대회 참가
1169,시노펙스  수처리사업 협약
1170,아시아 미디어 종사자들의 복음 선포 열정에 감동
1171,홍지민 핑거루트 먹고  감량 부작용은
1172,북극지방 가뭄산불월 무더위 사상 최고로 향한다
1173,핑거루트 피부 개선에 도움주 동안 허리둘레는  감소
1174,우크라이나 국회 아동 성범죄자 화학적 거세 의무화 법안 가결
1175,클래시스 국제미용성형학회서 역량 뽐내
1176,한국 찾은 성 빈첸시오 아 바오로 사제선교회 총장 토마스 마브릭 신부
1177,위안부 소재 뮤지컬 컴포트 우먼  프로덕션 캐스팅
1178,효소 브랜드 올감 올감 진 선 미 월말 출시
1179,매운 맛의 힘불닭시리즈 상반기 해외서 억개 판매
1180,북극 가뭄산불지구촌 폭염 위험수위
1181,비엔엑스 위버스 오픈 기념    캠페인
1182,보잉  맥스 연내 운항 재개 난망항공사들 속만 부글
1183, 동남아 최대 수산물 소비시장 성장 인도네시아 지목
1184,클래시스 국제미용성형학회서 역량 뽐내
1185,시노펙스 인니 수방군에 정수처리시설 공급
1186,종근당 이장한 회장 글로벌 진출 원년 선언 인도네시아 항암제 공장 준공
1187,서소문사진관달랑 이름만 바꾼 보잉맥스 비행 안전 확보했나
1188,말레이 선거연령 세세 개헌안 하원서 만장일치 통과
1189,시노펙스 인니에 수처리사업시스템개발 
1190,종근당 이장한 회장 글로벌 진출 원년 선언인도네시아 항암제 공장 준공
1191,교육소식우석대충북체육고 체육 인재 양성 맞손 등
1192,시노펙스 고도정수처리공정 시스템 인도네시아 진출
1193,시노펙스 인도네시아서 생활용수 공급판매사업 시작
1194,시노펙스 인니 수방군에 정수처리시설 공급
1195,인도네시아 할마헤라섬 강진 사망자 명으로 늘어
1196,블랙핑크 개 도시 월드투어 마무리 평균 좌석 점유율 
1197,인니 할마헤라  강진 사망자 명으로 늘어
1198,여름 다이어트 비상홍지민의 판도라 핑거루트 다이어트 홈쇼핑 방송 
1199,웹소설 플랫폼 조아라 인도네시아 네오바자르와 콘텐츠 공급 계약 체결
1200,입 떡 벌어지는 어깨팔 근육으로 기계체조 링 등 차지한 년생 고등학
1201,광복절 주년 기념일본군 위안부 뮤지컬 컴포트우먼 무대 올라
1202,전북대 동남아 개국 언어 배우는 캠프 개최
1203,블랙핑크 첫 월드투어 마쳐평균 좌석 점유율 
1204,태기자의 작품 속 무기이야기 존윅 편은 모르겠고 편 가자
1205,인도네시아 할마헤라섬 강진 사망자 명으로 늘어
1206,세계청년축제 개국 청년 참여 속에 일 개막
1207,비엔엑스  위버스 오픈 기념 캠페인 실시
1208,예금보험공사 인도네시아서 예금보험금 지급시스템 구축 컨설팅 착수보고회
1209,비엔엑스  위버스 오픈 기념    캠페인 실시
1210,운항중단 보잉 맥스 연내 뜨긴 힘들 듯
1211,물리아 발리 호텔  트래블레져 선정 베스트 어워드 위
1212,클래시스  최대 규모 국제 미용성형학회  참가
1213,아메리칸항공 맥스 금지 연기
1214,세계청년축제 개국 청년 참여 속에 일 개막
1215,국표원 우리나라 지능형교통시스템 아세안 국가에 소개
1216,전북대 동남아 개국 언어 무료로 배우는 여름캠프 개최
1217,첫 월드투어 마친 블랙핑크평균 좌석 점유율 
1218,전북대서 동남아 개국 언어 배우는 캠프 개최
1219,비엔엑스    캠페인 돌입
1220,세종시 한솔고 세계시민교육에 앞장
1221,전북대 동남아 개국 언어캠프 개최
1222,블랙핑크 방콕 끝으로 월드투어 마쳐천사들 고마워
1223,국표원 한아세안  협력워크숍 개최
1224,파키스탄 남서부 석탄 광산 폭발 광부 명 사망  국제소식
1225,국표원 우리나라 지능형교통시스템 아세안 국가에 소개
1226,빈탄 더 레지던스 풀빌라 수영장
1227,해양 액티비티 천국 인도네시아 빈탄섬
1228,해외 공무원들 대한통운 물류센터 방문선진물류 배우자
1229,인니 초등학교 화장실에 사는 계약직 교사월급 만원
1230,세종시 한솔고등학교 세계시민교육에 앞장
1231,우리나라 지능형교통시스템 아세안 국가에 소개
1232, 팩트체커  가짜뉴스 잡는다
1233,말레이 선거연령 세세 청년은 진보를 보증한다
1234,빈탄 더 레지던스 풀빌라 수영장
1235,세종시 한솔고 인도네시아 학생들과 교류 가져
1236,부산아세안 잇는 하늘길 넓어질까다음달 인니와 항공회담
1237,초등학교 화장실에 계약직 교사살림집 사연 화제
1238,싱가포르 부근 가족휴양지 클럽메드 빈탄 아일랜드
1239,클래시스 서 열린 국제미용성형학회서 마케팅 펼쳐
1240,대방중 김병재 초등학교 동창 박승민과의 라이벌전 승리
1241,조아라 인도네시아 네오바자르와 웹소설 공급 계약
1242,인니 초등학교 화장실에 사는 계약직 교사월급 만 원
1243,인도네시아 사테 꼬치요리 어렵지 않아요
1244,세종시 한솔고 인도네시아 학생들과 교류 가져
1245,조아라 인니 콘텐츠 기업 네오바자르와 웹소설 공급 계약
1246,한솔고 세계시민교육에 앞장서다
1247,이노시뮬레이션 이스타항공과 항공 연구개발 맞손
1248,조아라 인니 콘텐츠 기업 네오바자르와 웹소설 공급 계약
1249,아침부터 밤까지 심심할 시간 없는 클럽메드 빈탄
1250,인도네시아 빈탄섬 빌라에서 휴양 즐겨볼까
1251,인도네시아 빈탄섬 빌라에서 휴양 즐겨볼까
1252,인도양 바다 가르며 제트스키 타볼까
1253,공중그네 타고 날아보는 짜릿함
1254,공중그네 타고 날아보는 짜릿함
1255,프로 골퍼 시범 보며 빈탄섬 골프가든 디너
1256,프로 골퍼 시범 보며 빈탄섬 골프가든 디너
1257,클럽메드 빈탄 폼파티 오늘밤은 아이들이 주인공
1258,클럽메드 빈탄 폼파티 오늘밤은 아이들이 주인공
1259,해보면 의외로 재미있는 양궁
1260,해보면 의외로 재미있는 양궁
1261,김인균 경북도청 감독 김서영 준비 끝났다  때보다 체력 향상
1262,전주기접놀이 초청공연 매력 알린다
1263,조아라 인니 위 네오바자르에 웹소설 공급
1264,신팔도유람 물 흐르듯 문화 유랑 에서 문화바캉스 즐기기
1265,동남아 개국 언어 배우자 전북대 동남아 언어 캠프 개최
1266,신팔도유람 물 흐르듯 문화 유랑 에서 문화바캉스 즐기기
1267,전주기접놀이 인도네시아 토라자페스티벌 초청공연 참석
1268,전주기접놀이 인도네시아 토라자페스티벌 초청공연 참석
1269,  과거 영광 되찾을까
1270,박나훈 영산대 교수 인도네시아 초청 공연
1271,박나훈 영산대 교수 인도네시아 초청 공연
1272,신팔도유람스포츠와 어우러진 문화예술의 축제
1273,신팔도유람스포츠와 어우러진 문화예술의 축제
1274,느껴지나요 온몸으로 토해낸 감정이
1275,글로벌 대세 더욱이 여자친구가 월드 앨범 차트
1276,글로벌 대세 더욱이 여자친구가 월드 앨범 차트
1277,글로벌 대세 여자친구는 두 번째 아시아 투어
1278,열대야 또 여자친구는 데뷔 후 시간을
1279,열대야 또 여자친구는 데뷔 후 시간을
1280,블락비 유권 년 사귄 여친에 대한 달달함 이런 면이
1281,블락비 유권 년 사귄 여친에 대한 달달함 이런 면이
1282,세계테마기행 여름날의 꿈 캄보디아 부 춤추는 바다
1283,한솔고 인도네시아 학생과 교류 프로그램 운영
1284,한솔고 인도네시아 학생과 교류 프로그램 운영
1285,팔도유람세계수영선수권 열리는 광주의 문화예술 행사
1286,팔도유람세계수영선수권 열리는 광주의 문화예술 행사
1287,글로컬 시대 실리외교 확장 꾀하는 전북
1288,글로컬 시대 실리외교 확장 꾀하는 전북
1289,조아라 칼과 드레스 등 웹소설 인니 수출
1290,가 뭔가요 왜 중요한가요
1291,코스맥스 올해 실적 상고하저 전망
1292,운동능력 및 근육량 증가 핑거루트 기초대사량 높이기뱃살 빼는 법 효능
1293,투자 코스맥스 하반기 고객사 주문 확대로 성장률 회복
1294,춘사영화제 오늘일 개최기생충 개 부문 싹쓸이할까
1295,투자 코스맥스 하반기 고객사 주문 확대로 성장률 회복
1296,인도네시아어 년 월 일 오늘의 외국어 한마디는
1297,인도네시아어 년 월 일 오늘의 외국어 한마디는
1298,신팔도유람 광주국립아시아문화전당
1299,열대야 빌보드의 유명 칼럼니스트 제프 벤자민은
1300,열대야 빌보드의 유명 칼럼니스트 제프 벤자민은
1301,슬라맛빠기 인도네시아 국가 공인 종교 개 하지만 생활 속엔 여전히 
1302,슬라맛빠기 인도네시아 국가 공인 종교 개 하지만 생활 속엔 여전히 
1303,슬라맛빠기 인도네시아 귀신 캐는 목사 아들 배동선 작가
1304,수도권매립지관리공사 인니 수처리 전시회서 필환경기술 선보여
1305,올즙 올바른 핑거루트환 출시
1306,우리나라 지능형 교통시스템 아세안 국가에 소개한다
1307,클래시스  참가와 함께 마케팅 강화
1308,한국 대표 따효니 체스러쉬 글로벌 스타 챌린지 일 개최
1309,세종시 한솔고교 인도네시아 학생들과 교류
1310,수출규제 어려움 신남방 국가에서 기회 찾는다
1311, 세계테마기행 무용가 김주희와 함께 캄보디아 기행 프놈펜 한 여름밤의
1312,블랙핑크 첫 월드투어 마쳐
1313,전주기접놀이 공연단 인도네시아 토라자페스티벌 초청 공연
1314,핑거루트 기초대사량 높이기뱃살 빼는 법 효능 이유는운동능력 및 근
1315, 수출규제 악재 신남방에서 대안 모색
1316,기자수첩발리에서 택시 타다 생긴 일
1317,텐센트 체스러쉬 글로벌 스타 챌린지 한국 대표 공개
1318,부산경제진흥원 인도네시아 산업기계 전시회 참가사 모집
1319,인천소식 구도심 빈집 활용해 창업하세요인천시 공모
1320,오늘일의 국제증시 및 금시세
1321,한국의 필환경 기술 인도네시아에서 호평
1322,부산경제진흥원 인도네시아 산업기계 전시회 참가업체 모집
1323,무역위 중국인니브라질산 코팅 종이 덤핑 피해 없어
1324,무역위원회 제차 회의 개최
1325,무역위원회 전기프라이팬 특허권 침해 불공정무역행위 조사
1326,수도권매립지공사 인도네시아 수처리 전시회 참가
1327,무더위를 시원하게 날려버릴 세계 유명 워터파크는 어디에 있나 인포그래픽
1328,미캐나다서 보내 온 쓰레기 콘테이너캄보디아 우리는 쓰레기통이 아
1329,이장한 종근당 회장 조 클럽글로벌 진출 두 마리 토끼 잡는다
1330,손용상 토무 출간
1331,무역위 중국인니브라질산 코팅 종이 덤핑 피해 없어
1332,한국은 의료강국
1333,무역위 인니브라질산 비도공지 국내산업 피해 없어 최종 판정
1334,중국인니브라질산 복사용지 덤핑 국내 피해 없어 무역위
1335,의료강국 한국 몸소 체험해보니 놀라워
1336,트래블  레져  관왕 수상 전세계 최고의 리조트 물리아
1337,산림청 산림파괴 방지 통한 온실가스 감축사업 기본교육과정 운영
1338,돌아올 기미 없는 보잉맥스 속타는 항공업계
1339,한국의 필환경 기술 인도네시아에서 호평
1340,무역위 인도네시아브라질산 비도공지에 대한 최종 부정판정
1341,한국은 의료강국
1342, 국제콘텐츠마켓   성황리 종료
1343,기획 아이블리네이처 유아용 천연세제 브랜드
1344,세계의 교육 전자담배 쥴  청소년 부모에게 사과
1345,세계대학총장단 건양대병원 방문 첨단 시스템 찬사
1346,나는 여름철새일까팔색조의 귀향
1347,무역위 전기프라이팬 특허권 침해 조사 개시
1348,무역위 중국인니브라질산 비도공지 덤핑으로 국내 산업 피해 없어
1349,인도네시아 빈탄에서 가족휴양 즐겨볼까
1350,인도네시아 빈탄에서 가족휴양 즐겨볼까
1351,싱가포르에서 분 거리의 인도네시아 휴양지
1352,빈탄 해변에서 직접 만들어 먹어보는 현지식 체험
1353,클럽메드 빈탄 아일랜드 간김에 골프 배워볼까
1354,인도양 바다 보며 짜릿한 공중그네 타보세요
1355, 박신자컵 서머리그 월 외국팀 초청 국제 대회로 개최
1356,국내 환경 기술 인도네시아서 호평
1357,싱가포르에서 분 거리의 인도네시아 휴양지
1358,비즈  사내 카페에 중증장애 바리스타 명 고용 
1359,텐센트 체스러쉬 글로벌 스타 챌린지 한국 대표 선수로 따효니 참가 확정
1360,무역위 중국인니브라질산 비도공지 덤핑 피해 없다
1361,부산시 인도네시아 산업기계 전시회 참가업체 모집
1362,텐센트 체스러쉬 글로벌 스타 챌린지 한국 대표 선수로 따효니 참가 확정
1363,수도권매립지관리공사 인도네시아서 필환경 기술 관심
1364,수도권매립지관리공사     에서 선진 폐기물 처
1365, 에어아시아 택배사 이지퍼셀에 출자
1366,부산경제진흥원 신남방정책 핵심 인도네시아 공략할 전시회 지원
1367,한국의 필환경 기술 인도네시아에서 호평받다
1368,도재운 이지동안의원 원장   나보타 에스테틱 포럼 강연
1369,세계대학총장단 건양대병원 방문 의료시스템 둘러봐
1370,세계대학총장단 한국의료 최고 엄지척
1371,빈탄섬 더 레지던스에서 양궁체험을
1372,동남여 여행의 로망 풀빌라
1373,수도권매립지관리공사 인도네시아서 필환경 기술 관심
1374,인도네시아 전통악기 앙끄롱 기부 기념 연주회
1375,경북도 민선기 억천만 달러 수출계약 성과
1376, 기본교육과정 운영
1377,해외박람회 포커스 년 추계 아시아 뷰티 산업 관련 박람회
1378,세계대학총장단 건양대병원 방문
1379,무역협회 할랄 인증으로 억 무슬림 공략하기 세미나 지상 중계 
1380,세계대학총장포럼 총장단 건양대병원 방문
1381,무역협회 할랄 인증으로 억 무슬림 공략하기 세미나 지상 중계
1382,세계대학총장단 건양대병원 방문의료강국에 찬사
1383,인도네시아 전통악기 앙끄롱 기부 기념 연주회
1384,조이서리나 완벽한 몸매
1385,사진이성경당당하게
1386,사진이성경금빛 드레스로 화려하게
1387,사진이성경깜찍 인형 미모
1388,사진과감한 오프숄더 클라라빛나는 명품몸매
1389,환전해외송금 한패스 누적 거래액 천억원 돌파
1390,사진주지훈훈남 미소
1391,교육소식해외대학교 총장들 건양사이버대 방문 등
1392,사진서리나춘사영화제 레드카펫 밟아요
1393,케이로봇 국제인공지능대전 참가서버모터 전시
1394,조이서리나 완벽한 몸매
1395,사진김동완춘사영화제  맡았어요
1396,돈스파이크  감량 물거품 되나발리에서 생긴 요요 위기컷
1397,사진엄태구단정한 수트 패션
1398,사진엄태구춘사영화제 수상 기대하세요
1399,사진진기주단아하게
1400,사진진기주싱그러운 미소와 함께
1401,사진진기주청순 미모
1402,조이주지훈 오늘도 맑은 외모
1403,사진클라라아찔한 쇄골미녀
1404,사진파격 드레스 클라라시선 집중
1405,사진김동완춘사영화제  맡았어요
1406,사진김동완깔끔한 블랙수트 패션
1407,조이클라라 섹시한 눈빛
1408,조이김동완 춘사영화제  맡았어요
1409,조이이성경 금빛 여신
1410,사진김동완깔끔한 블랙수트 패션
1411,한국관광공사 박일간 친환경 여행단 행사 가져
1412,한국관광공사 박일간 친환경 여행단 행사 가져
1413,관광공사 친환경 여행 직접 해보니그리 어렵지 않아요
1414,손흥민 호날두급 인기볼 잡을 때마다 경기장 환호성 토트넘유벤투스
1415,코오롱 여름문화축제 브리티시 페인팅  개최
1416, 현대미술 최신 트렌드 과천 코오롱타워서 확인
1417,코오롱 여름문화축제 브리티시 페인팅  개최
1418,소녀시대 수영의 래쉬 선글라스 이목 집중
1419,박 일간 국내여행에서 쓰레기  가능할까
1420,인도네시아  분담금 줄이고 기술이전은 많이한국형전투기 자금문제
1421,글로벌패션 아이콘 수영의 래쉬 선글라스 남다른 스타일링
1422,화물선 싱가포르 해상서 해적 공격받아
1423,한국 화물선 말라카 해협 인근에서 해적에 피습인천 향해 정상 운행
1424,필리핀 국민들 미국 식료품 선호 제품 억 달러 수입
1425,연합뉴스 스페셜 회   마일 평화루트를 가다 부
1426,쓰레기로 몸살 앓는 지구촌 친환경 여행 실천해요
1427,디케이락 상반기 영업이익  증가해외 시장 성장
1428,코오롱 여름문화축제 브리티시 페인팅 전 열어
1429,한국 화물선 남중국해서 해적 공격 받아보
1430,코오롱 여름문화축제 브리티시 페인팅 전 개최
1431,한국 화물선 싱가포르 해상서 해적에 피습
1432,코오롱 여름문화축제 브리티시 페인팅  개최
1433,한국 화물선 남중국해서 해적에 피습 만달러 피해
1434,디케이락 올 상반기 영업익  급증수익성 좋은 해외매출 증가
1435,종합 한국 화물선 싱가포르 해상서 무장 해적에게 피습
1436,코오롱 영국의 현대미술 작품을 무료로 선보이다브리티시 페인팅 
1437,우리나라 화물선 싱가포르 해상서 해적에 피습종합
1438,한국 화물선 남중국해 항해 중 해적에 피습
1439,와 함께하는 글로벌푸드 리포트영국 스타트업 고단백 발효식품 템페
1440,한국 화물선 남중국해서 해적에 피습 만천달러 갈취당해
1441,울산 강소기업 개사 부산   참가
1442,한국 화물선 남중국해서 해적에 피습만달러 뺏겼다
1443,디케이락 분기 영업이익 억원전년 
1444, 한국산 스테인리스강 제품에 반덤핑 관세 확정
1445,한국 화물선 싱가포르 해상서 해적에 피습선원 명 부상
1446,중국 한국 포스코 등 스테인리스스틸에 반덤핑 관세
1447,스피드보트 탄 해적분만에 한국 화물선 약탈
1448,한국 화물선 싱가포르해협에서 해적 공격 받아만달러 빼았기고 명 부
1449,연천군 한탄강 유네스코 세계지질공원 인증 실사
1450,한국 화물선 싱가포르 해상서 해적 피습 만달러 뺏겼다
1451,국적 화물선 해적 공격받고 강도 당해
1452,목포해경 원인미상 의식 잃은 외국선원 구조
1453,대전도시공사 펜싱팀 손영기 세계선수권 동메달
1454,연천 유네스코 관왕 도전한다
1455, 화물선 척 남중국해 항해중 해적 피습명 경미한 부상
1456,한국 선박 남중국해서 해적에 피습폭행금품 탈취
1457,화물선 싱가포르서 무장 해적에 피습선원 명 부상종합보
1458,한국 화물선 싱가포르 해상서 강도 피해 해경 국제공조 통해 수사 진행
1459,한탄강 유네스코 세계지질공원 인증을 위한 유네스코 현장심사 평가자 방문
1460,빈탄섬 열대자연 로 질주해볼까
1461,인도네시아 빈탄 더 레지던스 풀빌라
1462,송중기송혜교 이혼조정 성립세기의 커플의 마무리 종합
1463,포천시 한탄강 유네스코세계지질공원 인증위한 현장실사 방문
1464,히스토리 송혜교송중기 설은 그만이제 완전히 남남
1465,빈탄 더 레지던스 스파  
1466, 화물선 싱가포르 해상서 해적에 피습선원 명 부상현금 강탈당해
1467,대전도시공사 펜싱팀 손영기 세계선수권 메달
1468,코오롱 브리티시 페인팅  개최영국 회화 무료관람
1469,한국 화물선 싱가포르 해상에서 피습
1470,한국 화물선 싱가포르서 무장 해적에 피습선원 명 부상
1471,인도네시아 발리로 떠나는 소녀시대 최수영 래쉬 선글라스로 한껏 뽐낸 멋
1472,싱가포르 해상 한국 화물선에 해적 난입현금휴대폰 등 탈취해 도주
1473, 상무부 한국 등 철강제품에 반덤핑 관세
1474, 인도네시아 스테인리스 제품 반덤핑 관세 부과
1475,화물선 싱가포르서 무장 해적에 피습선원 명 부상종합보
1476,한국 화물선 싱가포르 해상서 강도 피해 해경 국제공조 수사
1477,화물선 싱가포르 해상서 해적피습해경 국제공조 요청
1478,우리국적 화물선 싱가포르 인근 바다서 해적 공격 받아
1479,한탄강 유네스코 세계지질공원 인증 실사 일부터 일간
1480,국적 화물선 해적 피습시간대별 재구성
1481,화물선 씨케이블루벨호 싱가포르서 무장 해적에 피습무기 휴대한 특수경
1482,공항패션 수영 심플하면서도 감각적인 화이트팬츠룩
1483,한국 화물선 싱가포르 해상서 무장 해적에 피습
1484,포천시 한탄강 유네스코 세계지질공원 인증마지막 관문 현장심사에 최선
1485,한국 화물선 싱가포르 인근 해역서 해적에 공격받아
1486,국적 화물선 해적에 피습 현금 뺏기고 폭행 당해
1487, 한국산 등 스테인리스 제품에 반덤핑 관세 부과
1488, 한국산 스테인리스강 제품에 반덤핑 관세 부과
1489,코오롱 과천 본사에서 여름문화축제 브리티시 페인팅전 개최
1490,한국관광공사 경북 의성대구서 쓰레기 최소화친환경 여행문화 확산 캠페인
1491,연천군 한탄강 유네스코 세계지질공원 인증 현장 실사
1492,중 한국산 스테인리스 제품에 반덤핑 관세 부과
1493,싱가포르 해협서 한국 화물선 선원 폭행하고 금품 빼앗은 해적들
1494,한탄강 유네스코 세계지질공원 인증 현장심사 평가 받는다
1495,울산시 개 강소기업  국제 화학물질위험물 안전관리산업전시회 참가
1496, 화물선 싱가포르 해상서 해적에 피습선원 명 부상
1497,포스코  스테인리스강 반덤핑 관세부과 영향 크지 않다
1498,싱가포르 해역서  화물선 해적에 피습 선원 명 부상
1499,한국관광공사 친환경 여행문화 직접 실천
1500,중국 한국 포스코 등 스테인리스스틸에 반덤핑 관세 부과
1501, 인니산 스테인리스강 반덤핑 관세 부과
1502,코오롱 여름문화축제 브리티시 페인팅  개최
1503,한탄강 지질공원 유네스코 인증 현장심사 시작
1504,기계 문명과 자연의 공존 주창한 백남준
1505,한국 화물선 싱가포르 해상서 해적에 피습선원 폭행
1506,목포해양경찰서 의식 잃고 쓰러진 외국선원 구조
1507,글로벌  상사 인도네시아 해운사 와 칼리만탄 석탄 운송 년 
1508,중국 한국 포스코 등에 스테인리스강 반덤핑 관세 부과 최종 결정
1509,포천시 한탄강 유네스코 세계지질공원 인증 준비 착실
1510,중국 포스코 스테인리스스틸에 반덤핑 관세
1511,한국 화물선 싱가포르 해협서 무장 해적에 습격선원 명 부상
1512,울산 개 강소기업 유해화학물질 누출대응 국제 경쟁력 갖춰
1513,중국 한국일본 등 스테인리스스틸에 반덤핑 관세
1514, 포스코 스테인리스강 예비관세 부과 유예
1515,중국 한국일본 등 스테인리스스틸에 반덤핑 관세종합
1516,동정 연천군 한탄강 유네스코 세계지질공원 인증 실사 일부터 일간
1517,중국 한국일본산 스테인리스강 최대  반덤핑 관세
1518,포천시 일 한탄강 유네스코 세계지질공원 인증 현장심사 평가 실시
1519,친환경 여행문화 직접 실천해 보니
1520,코오롱 여름문화축제 브리티시 페인팅 전시회 개최
1521, 화물선 해적에 피습명 부상해상 특수경비원 없었다
1522,한국 화물선 싱가포르 해상서 해적에 피습현금 강탈폭행
1523,핑거루트 다이어트 홍지민처럼 요요없는 다이어트 가능하다 부작용 알고 섭
1524,한국 화물선 남중국해서 해적 해상강도 발생
1525,제시카 발리서 당돌한 표정 부자 근황 공개
1526,일본보다 앞선 한국 커피의 역사
1527,연천 한탄강 유네스코 세계지질공원 인증 실사
1528,국세청 인도네시아와 청장 회의 개최한국 기업 세정 지원 요청
1529,한국인도네시아 진출기업 이중과세 적극 예방해소한다
1530,김현준 국세청장 인니와 세정 발전방안 논의
1531,국세청 인도네시아와 청장 회의 기업 세정 지원 요청
1532,김현준 국세청장 한인니 진출기업 이중과세 막자
1533,김현준 국세청장 인니 국세청장과 회의 이중과세 적극 해소
1534,제차 한인도네시아 국세청장회의이중과세 예방세정발전 방안 논의
1535,김현준 국세청장 인도네시아 청장 만나 이중과세 방지 논의
1536, 포스코 스테인리스스틸에 반덤핑 관세타격은 미미
1537,제차 한인도네시아 국세청장회의
1538,김현준 국세청장 인니 청장 만나 기업 세정지원 요청
1539,로이문화예술실용 전문학교 바리스타 발리 커피농장 해외연수
1540,동남아항로도 못믿어 창명해운 벌크선 해적 피습
1541,김현준 국세청장 인도네시아 청장에 한국기업 세정지원 요청
1542,한눈에 보는 이슈 인니 전투기 개발 분담금 억원 미납 논란
1543,브런치콘서트 창작판소리 스토리 인 아시아
1544, 한국 포함 국 스테인리스강에 반덤핑 관세 확정
1545, 한국 철강에 반덤핑 관세
1546, 화물선 싱가포르 인근서 해적에 피습선원 명 부상
1547,제차 한인도네시아 국세청장 회의
1548,악수하는 한인도네시아 국세청장
1549,중국  철강 등에  반덤핑 관세 부과국내업계 영향 미미
1550, 화물선 해적에 피습 오는 일 인천항 입항선장 등 부상
1551,김혜영 병원 원장 한국 드라마 인기로 성형에 관심 의료관광 차세대 시장
1552,인사하는 한인도네시아 국세청장
1553,사진김현준 국세청장 인도네시아와 역외탈세 방지 적극 협력
1554,멸종 막기 위해 인니 코모도섬 년 폐쇄
1555, 한국 등 스테인리스스틸에 반덤핑 관세포스코 영향 크지 않아
1556,브런치콘서트 창작 판소리 스토리 인 아시아 공연
1557,글로벌 무슬림 패션 시장 선도 꿈꾸는 인도네시아 산업적 역량 향상이 과제
1558,목포해경 의식 잃은 외국인 선원 구조
1559,유물로 읽는 동서양 생활문화 한글 인류사 알파벳 발달과정의 최신 버전
1560,국토부진흥원 철도부품 국산화동반성장 추진 해외시장 진출 계기 기대
1561,군산근대미술관본질탐구전시 열려
1562,김현준 국세청장 인니와 투자 활성화 세정환경 조성 논의
1563,인도네시아 국세청장회의
1564, 국적 화물선 싱가포르서 해적에 피습선원 명 부상
1565,인도네시아 대 여배우 자라 방탄소년단 지민 향한 팬심
1566,인도네시아 대 스타 자라 방탄소년단 지민 향한 팬심
1567,화물선 싱가포르 해상서 해적에 피습
1568,싱가포르 홀린 여자친구
1569,국세청 인도네시아와 청장 회의 기업 세정 지원 요청종합
1570,포스코 가격약속으로  스테인리스강 반덤핑 피했다
1571,한국관광공사 친환경 여행문화 직접 실천해 보니
1572,글로벌 경제 천연 바닐라 인기년 새 가격 배 폭등
1573, 수입 스테인리스 반덤핑 관세 확정 포스코 가격약속에 영향없다
1574,특집 넥스컴스 주치홍 대표이사 인터뷰 기술에 혼을 담은 장인정신 무인
1575, 한일 스테인리스강에 반덤핑 관세 부과
1576,한국 화물선 남중국해서 해적에 피습 정부 대응이 웃김
1577,글로벌마인드 함양 위해 최선을 다할 것
1578,중국 한국일본 등 개국 스테인리스강 제품 최대  반덤핑 관세 부과
1579,기자브리핑  화물선 해적 피습말라카 해협 동남아 해적 소굴
1580,한국 화물선 남중국해서 해적에 피습명 부상
1581,말라카 해협 인근서  화물선 해적에 피습선원 폭행금품 갈취
1582,아시아의 스토리 한국의 소리로 재탄생
1583,지구와 인류 건강 지킴이 전기자동차
1584,중국 한국 스테인리스제품에 최대  반덤핑 관세 부과
1585,한국 화물선 싱가포르 해협서 무장 해적에게 피습
1586,글로벌 경제 천연 바닐라 인기년 새 가격 배 폭등
1587,한인도네시아 국세청장 회의이중과세 예방 등 논의
1588,포토 인도네시아 국세청장회의
1589,유네스코 세계지질공원 현장 심사단 일부터 박일 일정으로 한탄강 현장 심
1590,국내 최대 청년 미술 축제  아시아프 개최
1591,국적 화물선 해상에서 해적에 피습 당해명 부상
1592, 화물선 싱가포르 해상서 해적에 피습금품 탈취당해
1593,종교에 대한 규제 지난 년 간 전 세계적으로 증가
1594,한인도네시아 이중과세 해소 적극 노력
1595,김서영 개인혼영 결승 서 아쉽게 위 차지
1596,목포해경 해상에서 조업중 쓰러진 외국선원 긴급이송
1597,인도네시아 유유자적 휴양섬 빈탄
1598,빈탄 해변에서 인도네시아 요리 쿠킹클래스
1599,빈탄 풀빌라 스페셜 플로팅 다이닝
1600,빈탄 해변 풀에서 유유자적 휴가 즐겨볼까
1601,싱가포르 주변의 한적한 휴양지 클럽메드 빈탄
1602,끝까지 최선 다한 김서영 주종목 개인혼영  위
1603,광주세계수영 셰스트룀 연패 실패하고도 감동 세리머니 리카코 힘내
1604, 포스코 등 스테인리스에 반덤핑 관세 부과
1605,역사속 오늘 월 일 한강대교 버스 추락 사고 발생
1606,문화적 도시재생 현장 들여다보기 옛도심에 문화예술 띄우니 생기가 흐른다
1607,한국 화물선 덮친 말라카의 해적선장 등 명 부상만 갈취
1608,결국 이렇게송혜교송중기 재산분할 없이 이혼종합
1609,한국 화물선 싱가포르 해협서 해적에 피습
1610,한국 화물선 싱가포르해협서 해적 습격 받아 선원 명 부상
1611,에서 한국형 사회적경제 모델 가능성을 보다
1612,옥수수 싣고 인천항 오던 화물선 해적 습격
1613,인도네시아서 스노클링 하는데 집채만 한 가오리가 떡
1614,인도네시아 또 한국형전투기 사업 어깃장
1615,강릉전 세계 청소년 강릉에 모인다
1616,한국 화물선 말라카 해협 인근서 해적에 피습
1617,해외반응사자 판타지아영화제 초청개국 선판매공식
1618,사자 판타지아국제영화제 초청해외 동시기 개봉글로벌 인기 입증
1619,사자 박서준 안성기우도환 해외 개국 선판매 쾌거공식입장
1620,박서준 사자 판타지아 국제영화제 초청해외 개국 개봉 전 세계 사로
1621,영화 김복동 년 일본군 위안부 피해자 육성 파일 사상 최초 공개
1622,기적의 발견김복동 년 일본군위안부 피해 증언 육성파일 최초공개
1623,인도네시아어 년 월 일 오늘의 외국어 한마디는
1624,제시카 수영복 몸매 농염한 포즈로 섹시 업그레이드컷
1625,박서준 사자 해외 개국 월 개봉 판타지아 영화제 초청
1626,안성기박서준 사자 제회 판타지아 국제영화제 초청
1627,브런치콘서트 창작판소리 스토리 인 아시아 일 공연
1628,공식 사자 판타지아 국제영화제 공식 초청 및 해외 개국 동시기 개봉
1629,사자 판타지아 국제영화제 초청해외 개국 동시기 개봉공식입장
1630,사자 판타지아 국제영화제 초청해외 개국 동시기 개봉
1631,사자 판타지아 국제영화제 공식 초청해외 개국 동시기 개봉
1632,박서준안성기우도환 사자 제회 판타지아 국제영화제 공식 초청
1633,사자 해외 개국 동시기 개봉국내외 흥행 도전
1634,사자 판타지아 국제영화제 공식 초청해외 개국 동시기 개봉
1635,사자 판타지아 국제영화제 공식 초청해외 개국 동시기 개봉 확정
1636,리카코 절대 포기하지마 백혈병 투병 중인 동료에게 전한 세리머니
1637,사자 판타지아 국제영화제 초청해외 개국 동시 개봉 공식
1638,거리에서 홀딱 벗은 소년 그리고 이것이 인도네시아
1639,심버스 심토큰 오는 일 디지파이넥스글로벌에 상장 확정
1640,사자 판타지아 국제영화제 공식 초청 및 해외 개국 동시기 개봉
1641,사자 판타지아 국제영화제 초청해외 개국 동시기 개봉
1642,박서준 사자 제회 판타지아국제영화제 초청
1643,팔아야 귀국 첫 번째로 일일 쇼 호스트로
1644,사자 개봉 전부터 뜨거운 글로벌 인기화제성 폭발
1645,사자 해외 개국 동시기 개봉부터 국제영화제 초청까지 승승장구
1646,한국 화물선 피습당한 말라카해협 세계 대 해적소굴
1647,사자 개봉 전부터 해외에 사자 신드롬 일으킨다화제성 폭발
1648,사자 개봉 앞두고 해외에서 뜨거운 인기 화제
1649,사자 판타지아 국제영화제 공식 초청해외 개국 동시기 개봉
1650,사자 한국 넘어 전세계 사로잡는다시선 집중
1651,사자 해외 동시기 개봉판타지아 국제영화제 공식 초청 화제
1652,전 세계 사로잡나사자 판타지아 국제영화제 초청해외 개국 선판매
1653,삼성엔지니어링 원가율 개선에 따른 실적 개선 가능
1654,박서준 주연 사자 판타지아국제영화제 초청해외 개국 월 개봉
1655,사자 판타지아 국제영화제 공식 초청해외 개국 동시기 개봉 사자 신드
1656,사자 제회 판타지아국제영화제 초청해외 개국 동시기 개봉공식
1657,인도네시아에서 미투 운동 촉발시킨 여성
1658,분위기 여신 수영 캔버스 토트백으로 완성한 공항패션 선보여
1659,여행이란 혼자 기획하고 실행에 옮기는 축제
1660,영화사자 제회 판타지아 국제영화제 공식 초청해외 개국 동시기 개
1661,사자 판타지아 국제영화제 공식 초청 해외 개국 동시기 개봉
1662,사자 한국 넘어 해외서도 했다폭발적인 관심
1663,제차 한인도네시아 국세청장회의 개최
1664,영화 사자 국이 사갔다 판타지아 국제영화제 초청도
1665,제시카 발리에서 뽐낸 수영복 자태섹시함까지 더했다
1666,큐텐 중소기업 동남아 시장 진출 적극 지원
1667,영화 사자 판타지아 국제영화제 공식 초청 및 해외 개국 동시기 개봉
1668,최주영 부단장이 이끈 태권도 종목  제회 나폴리 하계 유니버시아드 
1669,사자 판타지아 국제영화제 공식 초청해외 개국 동시기 개봉
1670,업체들 필리핀서 전기차 배터리 생산 관심 니켈 매장량 때문
1671, 인터내셔널 슈퍼퀸 모델선발대회 성료
1672,소녀시대 수영 시선 사로잡는 공항패션 뽐내포인트는 선그라스
1673,마켓워치삼성넥스트 원스톱 쇼핑으로 삼성의 내일 준비
1674,사자 해외 개국 동시기 개봉 확정판타지아 국제영화제 공식 초청
1675,글로벌 아르헨 한국  대 구매설
1676,온라인 플랫폼 큐텐 중소기업 동남아 진출 길잡이 톡톡
1677,절대 포기하지마 광주세계수영을 빛낸 감동의 세리머니
1678,팔아야귀국 신봉선은 격한 몸짓 발짓을 이용해
1679,제시카 발리 수영복 입은채 즐기는 여유
1680,없어서 못 파는 닭껍질튀김비주류 축산물 다시 보자
1681,국세청 제차 한인도네시아 국세청장회의 개최
1682,제시카 갑자기 분위기 수영복 화보발리에서 뽐낸 등신 늘씬한 몸매
1683,제시카 발리에서 모노키니 입고 도발적 포즈눈을 어디에
1684,아이들에게 인기 만점 클럽메드 빈탄 폼파티
1685,한국형 전투기 갈 길 바쁜데분담금 예산 없다는 인도네시아
1686,조선대치과병원  상반기 메디컬코리아 아카데미 글로벌 연수 수료식
1687,김복동 일본군 위안부 피해 증언 육성 파일 최초 공개
1688,올여름 극장가 휩쓸듯언론시사회서 반응 대박 난 사자 후기
1689,만민중앙성결교회 이재록 목사 인니어 번역 도서 종 현지에서 활발한 유통
1690,만민중앙성결교회 인니어 번역 도서 종 현지에서 활발히 유통
1691,  상무부 일본 한국 등의 스테인리스에 반덤핑 관세 부과
1692,주전장 봉오동 전투 김복동 개봉 앞둔 항일 영화들
1693, 수시특집한국외대 글로벌 융복합 교육 산실미래형 종합대학
1694,빈탄섬 자연친화적 더 레지던스 풀빌라
1695,얼큰한 인도네시아 생선찌개 쿠킹 체험해보세요
1696, 해군에게 한 수 배우고 갑니다
1697,빈탄섬 프라이빗 비치에서 액티비티 즐겨보세요
1698,모두가 알아야 할 김복동 년 일본군 위안부 피해 증언 육성 최초 공개
1699,더 레지던스 빈탄 해양 액티비티 천국
1700,김복동 일본군 위안부 피해 증언 육성 파일 첫 공개
1701,클럽메드 빈탄 골프가든 디너 스페셜 나이트
1702,글로벌 쇼핑 플랫폼  동남아 온라인 시장 진출 교두보
1703,글로벌 쇼핑 플랫폼 큐텐 중기 수출 플랫폼으로 주목
1704,인도양 바다 보며 체험하는 플라잉 요가
1705,싱가포르 여행 연계관광지 클럽메드 빈탄
1706,클럽메드 빈탄 아일랜드에서 양궁 배워볼까
1707,클럽메드 빈탄 아일랜드 매일 밤마다 쇼
1708,카카오페이지 스토리로 조 가치 우뚝
1709,탈모 두피 홈케어 아이템 아라연 바이오타 오리엔탈 헤어토닉
1710, 인니 반둥 고속철 수도카라왕 분 주파
1711,삼성넥스트 벤처 키워 인수까지 혁신기술 확보유니콘 육성 윈윈
1712,빈탄 여행에선 인도네시아 미식 즐겨보세요
1713,한국관광공사 친환경 여행단 행사 개최
1714,없어서 못 파는 닭껍질튀김 비주류 축산물 다시 보자
1715, 인터내셔널 슈퍼퀸 모델선발대회 성료미스 퀸은 최은빈
1716,김현준 국세청장 인도네시아 국세청장과 회의한국 기업 세정 지원 요청
1717,제시카 발리 햇살 아래 빛나는 미모 역대급 비주얼포토
1718,김주하의 월 일 이 한 장의 사진
1719,세무의 창비거주자에 대한 세금
1720,글로벌 진출 원년 선언커가는 종근당의 자신감
1721, 종교억압 가장 많은 국가 과연 한국은
1722,볼트너트 없이 조립 스피드랙 대박 종합 가구사 꿈 키운다 창의혁
1723,구관조는 어떤 조류앵무새처럼 사람 말 흉내낼 수 있어
1724,   여자친구는 일 태국 방콕 월
1725,만민중앙성결교회 이재록 목사 인니어 번역 도서 종 동남아시아에서 활발
1726,깜짝 흥행 로한 장기 흥행으로 이어질까
1727,중견그룹 내부거래 실태무림총수 일가 지분 움켜쥔 무림무림페이퍼
1728,조선대치과병원 메디컬코리아 글로벌연수 수료식
1729,몸 속 지방의 천적 핑거루트로 다이어트금속성 이물질 주의
1730,인도네시아어 년 월 일 오늘의 외국어 한마디는
1731,권훈의 골프 확대경 세계 위는 어떻게 천만달러 돈잔치에 나섰나
1732,사설 인도네시아 사업 또 왜 이러는지 황당하다
1733,신문과 놀자어린이과학동아 별별과학백과끊임없이 진화해온 인류 앞으로
1734,여자친구 예린 은하 엄지는 상큼발랄한 걸그룹
1735,상록수부대 파병 주년동티모르 한국 시간돈뿐만 아니라 사랑도 줬다
1736,한국문화정보원 문화데이터 창업교육 진행
1737,여자친구 아시아 투어 싱가포르 공연 성료현지 천여명 열광
1738,수시입학정보한밭대학교
1739,수시입학정보한국외국어대학교
1740,새마을세계화재단 인도네시아 새마을시범마을 지도자 초청연수 수료식 개최
1741,김복동주전장 불매 아닌 구매 응원 보내야 하는 이유
1742,한국 조선 글로벌 친환경 바람 타고 선 수주 청신호
1743,트렌드줌인 최근 프랜차이즈 업계는 한정판 열풍
1744,포천시 한탄강 세계지질공원 인증 현장심사단 방문
1745,군산시청종합 군산근대미술관본질탐구전시 열려
1746,군산시청종합 군산근대미술관본질탐구전시 열려
1747,군산시청 군산근대미술관본질탐구전시 열려
1748,종합군산시청 군산근대미술관본질탐구전시 열려
1749,군산근대미술관본질탐구전시 열려  군산시청
1750,돈쓰는 네이버 돈버는 카카오
1751,회환시세년 월 일 하나은행 차 고시 기준
1752,환율 인사이드 월 일 인도네시아 루피아 오늘의 환율 정보
1753, 클라우드 킥구글  본격 공략금융공공 맞춤형 데이터센터 설립
1754,국내 최대 스타트업 페어 넥스트라이즈 서울 개막한국판  만들겠
1755,벤처스타트업 투자유치   개막
1756,산은 제의 벤처붐 확산넥스트라이즈  서울 개막
1757,벤처대기업투자자 하나로넥스트라이즈  개최
1758,골목의 전쟁 후추 커피 흑당유행은 예측 가능할까
1759,글로벌 스타트업 페어 넥스트라이즈 개막이동걸 혁신성장 플랫폼으로
1760,산업은행    성황리 개최이동걸 와 같은
1761, 연준 보다 먼저 부양책 가능성
1762,산업은행 무역협회 등과 혁신성장     개최
1763,모바일한경 글로벌 대 기업 중 신규 진입는 개뿐
1764,한국 부평 공장 년 뒤 문 닫나
1765,세계 경제 부진한데 미국만 나홀로 성장이유는
1766,외환시세월 일 하나은행 차 고시 기준
1767,유니콘  탄생지 인도네시아가 핫한 이유
1768, 숀 멘데스 팔뚝에 강렬한 타투하고 열정적인 무대
1769,제시카 농염한 포즈섹시한 자태 수영복 몸매 과시
1770,필리핀 의 새 거점 되나외국인 명이 자폭 테러 교육
1771,조선대 치과병원 메디컬코리아 아카데미 글로벌 연수 진행
1772,일 인도네시아 루피아 오늘환율원  감소 
1773,환율 인사이드 월 일 인도네시아 루피아 오늘의 환율 정보
1774,발리섬 마약 소지 체포 호주인 죄수복 차림 거리행진 망신
1775,모모랜드 인도네시아 달군다 출격 확정공식
1776,모모랜드  출격 확정공식
1777,필리핀 의 새 거점 되나외국인 명이 자폭 테러 교육
1778,크래프톤 미스트오버 아시아 지역 퍼블리싱 계약 체결
1779,글로벌 루키 걸그룹 모모랜드  출격 확정
1780,크래프톤  아크시스템웍스와 미스트오버 아시아 서비스 계약
1781,크래프톤 아시아에 미스트오버 선보인다
1782,크래프톤 미스트오버 아시아 퍼블리싱 계약 체결
1783,모모랜드  출격 확정글로벌 위상 고공행진 공식입장
1784,사진 취재진에 손 흔드는 아부다비 왕세제와 인도네시아 대통령
1785,크래프톤 미스트오버 아시아 지역 퍼블리싱 계약 체결
1786,제차 한국인도네시아 국세청장회의 개최
1787,새마을 세계화재단 화랑마을서 교육연수 진행
1788,아크시스템웍스 크래프톤 신작 아시아 지역 서비스 맡아
1789,크래프톤아크시스템웍스 미스트오버 아시아 지역 퍼블리싱 계약
1790,국제삼림관리협의회 기업에  열대우림 파괴 개선 요구
1791,모모랜드 국내 최정상  출격화려한 무대 선사
1792,크래프톤 미스트오버 아시아 지역 퍼블리싱 계약
1793,모모랜드  출격 확정흥 넘치는 무대 예고
1794,더 레지던스 빈탄 쿠킹클래스 마지막 순서는
1795,글로벌  인도 최초의 여성 유니콘 기업 질링고 화제 
1796,빈탄섬 해변 따라 늘어선 더 레지던스 풀빌라
1797,조혜진 농협은행 계장 보이스피싱예방 감사패
1798,모모랜드   출연 확정 인도네시아 뜨겁게 달군다
1799,마이포에트리 인도네시아 에이스 하드웨어 입점 동남아시장 본격 공략
1800,글로벌  인니 최대 국영철강사 적자 해소 위한 구조조정
1801,크래프톤 미스트오버 아시아 지역 판권 확보
1802,신라대인도네시아 한국기업 대학과 공동 교육과정 운영 통한 취업 활성화
1803,딸인줄 알고 보이스피싱 막은 조혜진 계장
1804,인도네시아 빈탄섬 해변 언덕 위 풀빌라
1805,신라대 인도네시아서 주문식 맞춤형 교육과정 운영
1806,무더위 날리는 인도양 수상스키
1807,유튜브 검색  스타 위 정국  매달 방탄소년단 만 검색
1808,글로벌 루키 모모랜드 슈퍼 케이팝 페스티벌 출격
1809,크래프톤 아크시스템웍스와 미스트오버 아시아 퍼블리싱 계약 체결
1810,신라대인니 한국기업 교육과정 운영취업 활성화 꾀한다
1811,열대 자연 속 오아시스 클럽메드 빈탄 아일랜드
1812,일 인도네시아 루피 환율 살때 원 팔때 원 감소
1813,사진 이야기 나누는 인도네시아 대통령과 아부다비 왕세자
1814,크래프톤 아크시스템웍스와 미스트오버 아시아 지역 퍼블리싱 계약 체결
1815,신라대인니 한국기업대학 공동 교육과정 운영위한  체결
1816,연중기획 다음세대 대한민국의 희망입니다  노아선교단
1817,승차공유 고젝 새산업 경제효과로 이해관계자 설득
1818,크래프톤 미스트오버 아시아 지역 퍼블리싱 계약 체결
1819,모모랜드   출격 확정글로벌 위상 고공행진
1820,크래프톤 로그라이크 게임 미스트오버 아시아 서비스권 확보
1821,한국문화정보원 문화데이터 창업교육 실시한다
1822,모모랜드  출격 확정 팝의 열기 몰고 갈게요
1823,글로벌 루키 모모랜드 월  출격 확정
1824,클럽메드 빈탄 릴랙스 공간 아스마라 스파
1825,방탄소년단 정국이 황금막내인 이유 해외매체 연이어 보도
1826,클럽메드 빈탄 아일랜드 매일 색다른 쇼
1827,경주 화랑마을 새마을 세계화재단 교육연수
1828,크래프톤 아크시스템웍스 통해 미스터오버 아시아 서비스
1829,국제삼림협 기업 코린도 제재열대우림 파괴 개선해야
1830,빈탄섬에서 해볼만한 것 
1831,더 레지던스 빈탄 스페셜티 레스토랑
1832,직접 타보면 아찔한 커플용 공중 자전거
1833,모모랜드 월 인도네시아 슈퍼 케이팝 페스티벌  출격 확정
1834,경주 화랑마을 새마을 세계화재단 교육연수 진행
1835,발리에서 마약 소지하다 걸리면이렇게 됩니다
1836,혈액클리닉 현 부아메라 유명세에 대한 고찰
1837, 코린도 인니에서 대규모 산림 파괴
1838,새마을 세계화재단 화랑마을에서 교육연수 진행
1839,최초 확인 우리나라 제비의 강남은 인도네시아
1840,보이스피싱 예방 사내교육 덕분
1841,크래프톤 미스트오버 아시아 개국 진출한다
1842,충북농협은행 보이스피싱 어림없다
1843,우포생태분원 제비 이동경로 연구 첫 성과
1844,강릉세계 개국 청소년 강릉의 여름밤 달군다
1845,배 고농축 자연지애 핑거루트 추출 분말 선보여
1846,맥스 후폭풍 보잉 창사 이래 최대 분기손실
1847,크래프톤 미스트오버 아시아 지역 퍼블리싱 계약 체결
1848,코모도왕도마뱀 낙원 코모도섬 내년 폐쇄
1849,경주시정 이영석 부시장 농업분야 주요 사업장 현장방문 
1850,보이스피싱 예방 농협은행 직원에 감사패
1851,소녀시대 수영 발리서도 빛나는 상큼 미모 아니 그래 가지고
1852,경주화랑마을 새마을세계화재단 교육연수
1853,보잉  맥스 추락 후폭풍에 역대 최대 분기 손실
1854,열정열기 여자친구는 일 태국 방콕 월
1855,더보이즈  출연확정 인도네시아서 매력 뽐낸다
1856,월 일 외국환시세하나은행 차 고시 기준
1857,롯데홈쇼핑 인도네시아 진출 본격 추진현지 미디어 기업 엠텍과 
1858,롯데홈쇼핑 인도네시아 미디어 기반 커머스 사업 상호협력
1859,롯데홈쇼핑 인도네시아 미디어 기업 엠텍과 업무협약 체결
1860,콘진원 패션코드   참가사 모집
1861,보잉   추락 후폭풍역대 최대 분기 손실
1862,롯데홈쇼핑 인도네시아 진출 추진 박차
1863,여리여리함의 끝판왕여자친구 유주 작고 작은 몸집
1864,롯데홈쇼핑 인도네시아 대표 미디어 기업 엠텍과 업무협약 체결
1865,아이들 말 좀 들으세요 인니 소녀의 유엔 연설
1866,인도네시아 정부 인기 게임 유튜버 노출 의상에 소환장
1867,롯데홈쇼핑 인도네시아 공략 나선다
1868,현대차증권 상사 분기 물류 호조로 호실적 하반기 증익 기대
1869,리더스코스메틱 배우 등륜과 콜라보한 울트라 모이스처 마스크 출시
1870,뉴스워커롯데홈쇼핑 인도네시아 대표 미디어 기업 엠텍과 업무협
1871,인간과 자연간의 공생 위한 새로운 감각
1872,가루다인도네시아항공 자카르타발리 최대  특가 실시
1873,롯데홈쇼핑 인도네시아 미디어 기업 엠텍과 업무협약
1874,게시판 롯데홈쇼핑 인니 미디어기업 엠텍과 업무협약
1875,인도네시아 정부 노출의상 인기 유튜버에 소환장 보내
1876,가루다인도네시아항공 자카르타와 발리 최대  저렴한 특가 실시
1877,유통워치 롯데홈쇼핑 인도네시아 대표 미디어 기업 엠텍과  체결 
1878,가루다인도네시아항공 자카르타와 발리 최대  저렴한 특가 실시
1879,롯데홈쇼핑 인도네시아 대표 미디어 기업 엠텍과 업무협약 체결
1880,롯데홈쇼핑 인도네시아 엠텍과 미디어 커머스 기업 도약
1881,더보이즈 인도네시아 간다 출연 확정공식
1882,가루다인도네시아항공 자카르타와 발리 최대  저렴한 특가 실시
1883,패션코드   스타일 이끌 참가사 모집
1884,르포두번의 사과에도 유니클로 매장 여전히 썰렁외국인 손님만
1885, 인도네시아 공간정보시장 진출 신남방 토지정보 인프라 구축 겨냥
1886,롯데홈쇼핑 인도네시아 미디어기업과  체결
1887,롯데홈쇼핑 인도 대표 미디어 기업 엠텍과 업무협약
1888,   오늘부터 우리는 으로 오프닝을 연
1889,가루다인도네시아항공 자카르타발리 특별요금 실시최대  할인
1890,리더스코스메틱 등륜과 콜라보 울트라 모이스처 마스크 출시
1891,페이스북 인공지능 사용해 태국 지도화 작업
1892,일 인도네시아 루피아 오늘환율원  감소 
1893, 인도네시아에 국내 기업과 공간정보시장 진출
1894,홍지민 다이어트 어떻게 할까 핑거루트 효능 활용한 단기간 다이어트 방법 
1895,환율 인사이드 월 일 인도네시아 루피아 오늘의 환율 정보
1896,키움증권 하반기 반전 노린다
1897,보잉 분기 사상 최대 손실맥스 생산 중단 검토할 상황
1898,현대차 인도네시아 공장 서 자바주 카라왕 유력
1899,크래프톤 미스트오버 게임 지역 서비스 담당
1900,맥스 후폭풍 미 보잉 창사 이래 최대 분기손실
1901,보잉 맥스 후폭풍분기 역대 최대 손실
1902,뉴스터치  뒤로 걷기 대장정대통령 만나 숲 보호 요청
1903,포스코인터내셔널 식량사업 밸류체인 단계 순항올해 조 매출 목표
1904,인도네시아어 년 월 일 오늘의 외국어 한마디는
1905,글로벌 루키 걸그룹 모모랜드  출격 확정
1906,이슈 블랙핑크     억뷰 돌파붐바야마
1907,보잉 창사 이래 최대 분기손실
1908,맥스 충격 보잉 역대최대 분기손실생산중단 우려도 고개종합
1909,보잉  맥스 운항 정상화 지연되면 생산 중단
1910,롯데홈쇼핑 인니 시장 확대현지 미디어 기업과 
1911,상사 물류부문 호조하반기 주가 재평가 전망현대차증권
1912, 기업 엠텍과  롯데홈쇼핑 상호 협력 확대
1913,롯데홈쇼핑 인니 미디어 업체 엠텍과 
1914, 국내 공간정보기업과 인도네시아 시장 진출
1915, 국내 기업과 인도네시아 공간정보시장 진출
1916, 인도네시아 공간정보 기술시장 진출
1917,전 세계 금리인하 동조연준 재채기에 전세계 감기약 처방
1918,가루다인도네시아항공 자카르타와 발리 항공권 최대  할인 이벤트
1919,현악앙상블 하우스콘서트 공연
1920,롯데홈쇼핑 인도네시아 미디어 사업 강화
1921,아시아 최대 패션문화마켓 패션코드   참가사 모집
1922, 인니 공간정보기술시장 진출
1923,네이버 계속되는 실적부진금융사업으로 돌파구 찾을까종합
1924,스타일이 이끄는 패션코드   참가사 모집
1925,영국발 컨테이너에 썩은 쓰레기 가득스리랑카 되가져가라
1926,콘진원 스타일 주도 패션문화 패션코드   참가사 모집
1927,사람들이 내가 김복동이다 결단하는 걸 일본 정부가 가장 무서워하지 않
1928,신한금융그룹 인도네시아 진출 희망 스타트업 찾는다
1929,롯데홈쇼핑 인도네시아 대표 미디어 기업 엠텍과 
1930,롯데홈쇼핑 인도네시아 미디어 기업 엠텍과 협력 확대
1931,정의선 인도네시아 방문 조코위 대통령과 협력 방안 논의
1932,리더스코스메틱 배우 등륜과 콜라보울트라 모이스처 마스크 출시
1933,끝나지 않은 동남아 쓰레기 반격스리랑카 영국에 쓰레기 가져가라
1934,정의선 인니서 조코위 대통령과 협력 논의
1935,가루다인도네시아항공 자카르타와 발리 최대  할인 특가 실시
1936,구글 중기부와 개 앱게임 업체 지원
1937, 컨소시엄 인도네시아 공간정보기술 시장 진출
1938,롯데홈 인니 엠텍과  커머스 등 진출 가능성 타진
1939,더보이즈 출연 확정 글로벌 행보 이어간다
1940,경남과학교육원 국내 첫 제비 이동경로 밝혔다
1941,정의선 인도네시아 방문조코위 대통령과 협력 방안 논의
1942,정의선 현대차그룹 수석부회장 조코 위도도 인도네시아 대통령 면담
1943,분기 모바일게임 소비자 지출 억 달러앱마켓 비중  차지
1944,신한금융그룹 신한퓨처스랩 기 수시 및 인도네시아 진출기업 모집
1945,콘진원 패션코드   참가사 모집
1946,정의선 만난 인니 대통령 지원하고 직접 챙기겠다
1947,더보이즈  출연 확정인도네시아서 대세 아이돌 행보
1948,리더스코스메틱 배우 등륜과 콜라보한 울트라 모이스처 마스크 출시
1949, 인도네시아 지적정보 인프라 활용 위한 플랜 수립
1950,더보이즈  출연 확정 글로벌 행보 이어간다
1951,인도네시아 대통령 만난 정의선 수석부회장
1952,더보이즈  출연 확정인도네시아 팬들 홀린다
1953,정의선 수석부회장 인도네시아 조코 위도도 대통령과 협력 논의
1954,정의선 수석부회장 대통령 만나 미래 기술 접목 방안 구상
1955,가루다항공 자카르타발리 최대  저렴한 특가 실시
1956, 광주 세계수영선수권대회 감동의 순간들열정과 동료애로 반짝인 선수
1957,정의선 수석부회장 인도네시아 대통령 면담
1958,정의선 현대차그룹 수석부회장 조코 위도도 인니 대통령과 면담
1959, 인도네시아에 국내 기업과 함께 공간정보시장 진출
1960,정의선 부회장 인도네시아 대통령 면담상호 협력 논의
1961,대세 그룹 더보이즈  출연 확정글로벌 행보 이어간다 공식입장
1962,정의선 인니서 조코위 대통령과 협력 방안 논의
1963,신비의 과일 부아메라오일 폐에 좋은 음식 부아메라 효능과 부작용 염증에
1964,더보이즈  출연 확정인도네시아에 대세 그룹 면모 알린다
1965,정의선 만난 인니 대통령 현대차 투자하면 직접 챙기겠다
1966,국민 모두에게 무료 의료서비스 공약한 필리핀 두테르테 산 너머 산
1967,더보이즈 인도네시아   합류글로벌 행보
1968,정의선 현대차그룹 수석부회장 신남방 최대 자동차시장 인도네시아 공략 나서
1969,넥스트라이즈  성료글로벌 스타트업에 천명 관심
1970,롯데홈쇼핑 인도네시아 미디어 기업 엠텍과 업무협약
1971,기업 정의선 현대차 수석부회장 인니 대통령 면담
1972,롯데홈쇼핑 인니 대표 미디어 엠텍과 
1973,정의선 현대차 수석부회장  대통령 만나 동남아 진출 확대 논의
1974,롯데홈쇼핑 인도네시아 미디어 기업과  체결
1975,신라대인도네시아 한국기업 대학과 공동 교육과정 운영 통한 취업 활성화
1976,정의선 인도네시아 대통령 면담동남아 공략 강화
1977,롯데홈쇼핑 인도네시아 미디어 기업 엠텍과 업무협약 체결
1978,현악앙상블   하우스콘서트 공연
1979,롯데홈쇼핑 인도네시아 미디어 엠텍과  체결
1980,와일드 망고 출시한 청년곡창 마리골드 핑거루트분말 인기 넘어설까
1981,롯데홈쇼핑 인도네시아 공략 박차 현지 기업 엠텍과 
1982,롯데홈쇼핑 인도네시아 대표 미디어 기업 엠텍과  체결
1983,패션코드   참가사 모집
1984,정의선 인도네시아 대통령 만나 현대차그룹 진출방안 논의
1985,선진국 몰래 버린 불법쓰레기 되가져가라동남아가 뿔났다
1986,롯데홈쇼핑 대표 미디어 기업 엠텍과 업무협약
1987,경남교육청 우포생태분원 국내최초 제비 이동경로 확인
1988,롯데홈쇼핑 인도네시아 대표 미디어 기업 엠텍과 다양한 커
1989,롯데홈쇼핑 인도네시아 미디어기업 엠텍과 협약
1990,미디어 커머스 기업으로 도약 발판 마련롯데홈쇼핑 인도네시아 엠텍과 
1991,경남과학교육원 국내 최초 제비 이동경로 연구 성과
1992,더보이즈  출연팬콘 이어 글로벌 행보
1993,롯데홈쇼핑 인도네시아 미디어 기업 엠텍과 
1994,롯데홈쇼핑 인도네시아 미디어 기업 엠텍과 업무협약 체결
1995,분석오사카 협약 정황
1996,스타일이 이끄는 다채로운 패션문화 패션코드   참가사 모집
1997,아시아의 스토리 한국의 소리로 재탄생하다
1998, 맥스 추락 후폭풍보잉 창사이래 최대 손실
1999,성희롱 피해자인데 징역형인도네시아 여성 사면 승인
2000,        
2001,하나은행 인도네시아와 중국에서 실적회복 시동 걸어
2002,글로벌  아모레퍼시픽 마몽드 인도네시아 온라인 쇼핑몰 쇼피
2003,정의선 현대차 부회장 인도네시아 대통령과 협력방안 논의
2004,부아메라 생사의 기로 결정하는 혈액 개선에 도움
2005,롯데홈쇼핑 인도네시아 공략 나선다현지 미디어 기업 엠텍과 
2006,과 일본 등 개국 인사  무역보복 규탄 공동발표 한다
2007,최초 확인 우리 제비와 대만 제비는 룸메이트
2008,국내 첫 제비 이동경로 밝혀냈다
2009,보잉 맥스 탓 역대 최악 분기 실적
2010,내우외환 닛산  순익  급감만천명 감원
2011, 에어아시아 분기 그룹 승객수 만명
2012,투명한 바닷물과 새하얀 백사장의 빈탄섬
2013,인도네시아 전통 꼬치구이 사테
2014,싱가포르 연계휴양섬 빈탄
2015,세계적으로 유명한 인도네시아 미식
2016,인도양 바닷속 스노클링 즐겨볼까
2017,인도네시아 대통령 면담한 정의선 현대차 수석부회장 포토뉴스
2018, 맥스 추락에 보잉 손실액 역대 최고테슬라도 억달러 손실
2019,내우외환 닛산  순익  급감만명 감원
2020,사자 북미 호주 뉴질랜드 홍콩
2021,사자 뻔한 결말로 가는 길은 진정
2022,천자 칼럼 반도체 공동체
2023,롯데홈쇼핑 인도네시아 미디어기업 엠텍과 업무협약 체결
2024,더보이즈  출연 확정인도네시아에서 글로벌 행보 잇는다
2025,제시카 인도네시아 발리에서 미모의 휴가 인증샷 공개
2026,매경의 창 귀중한 사람의 자질 갖춘 클린턴오바마
2027,경제 브리핑 정의선 인도네시아 대통령 만나현대차판 신남방정책
2028,사설 닭껍질튀김 열풍비인기 축산물로 확산시켜야
2029,포토 정의선 현대차 수석부회장 조코위 인도네시아 대통령 만나
2030,한국국토정보공사 인도네시아 공간정보기술시장 진출
2031,정의선 현대차 부회장 인니 대통령 면담
2032,사자 자신에게 특별한 힘이 있음을 깨닫게
2033,밀양인도네시아 만  제비의 여행
2034, 애니 제작사 오콘 캐릭터 라이선싱 페어  참가
2035,에 차 세일즈 나선 정의선 부회장
2036, 후임  사장은 항공 잘 아는 내부 인사로
2037,정의선 부회장 조코 위도도 대통령 면담
2038,혜윰노트홍인혜 걸터앉아 하늘까지
2039,롯데홈쇼핑 인도네시아 미디어기업 엠텍과 업무협약
2040,인도네시아어 년 월 일 오늘의 외국어 한마디는
2041,사자 극이 클라이막스로 갈수록 오히려 실소를
2042,사자 판타지아 국제영화제는 북미 지역 최대
2043,국가기술표준원 인도인도네시아와 기술규제 해소 협의
2044,국표원 인도인도네시아와 기술규제 해소 방안 논의
2045,단독최초 확인 우리 제비와 대만 제비는 룸메이트
2046,성희롱 고발했다가 실형 선고된 여성 사면 받고 나 같은 이 없도록
2047,뉴스터치 영국발 컨테이너에 쓰레기 가득스리랑카 되가져가라
2048,인도네시아 발리식물원
2049,일 가전업계 옥외전용 에어컨 잇따라 발매대박 예감
2050,호랑이 굴에서 맺은 결의 스타트업 세계 시장 진출에 힘쓸 것
2051,이하늬 인도네시아서 털털한 매력 과시민낯에도 굴욕
2052,탁구 중국 천하 도쿄올림픽에선 깨질까출전권 경쟁 시작
2053,남방정책 핵심 인도인니와 해외 기술규제 선제대응 협력
2054,아우라 서민준한영진과 블랙 슈가 인플루언서 티저 공개
2055,아우라 한류 이끄는 서민준한영진과 훈남 케미 발산
2056,국표원 인도인도네시아와 기술규제 해소 협의
2057,아우라 서민준한영진과 함께한 두 번째 티저 이미지 공개
2058,김조원  사장의 화려한 변신 민정수석 입성하나정관계산업계 망라 
2059,기업은행 국외전산시스템 재구축 테스트 완료해외사업 확대 속도
2060,국표원 신남방정책 핵심국 인도인니와 기술규제 해소 협의
2061,중국서 보폭 넓히는 토요타 대륙 차량공유 위 디디에 억불 투자 합
2062,제의 김성준은 지금도 어느 지하철에서 스마트폰을 들고 있다
2063,현대차 해외사업 확대 제동
2064,에이핑크   출연인도네시아 사로잡는다
2065,롯데홈쇼핑 인도네시아 대표 미디어 기업 엠텍과 업무협약
2066,오콘 캐릭터 라이선싱 페어  참여국내사업 및 글로벌 사업 확장 본격
2067,에이핑크   출연 확정인도네시아 달군다
2068,에이핑크 인도네시아 팝 팬 만난다  참여
2069,가수 아우라 한류 이끄는 서민준한영진과 훈남 케미 발산
2070,수동어닝부터 전동어닝까지 기능성과 내구성을 모두 잡은 시나르가든 주목
2071,국표원 인도인도네시아에 무역기술장벽 해소 요청
2072,박승규의 사사구 남발 벽오동 심은 뜻은 봉황을 보자는 건데 
2073, 국제콘텐츠마켓   계약추진액 천만불
2074,롯데홈쇼핑 인도네시아 엠텍과 업무협약 체결
2075,닛산 실적 악화로 글로벌 인력  감축 선언
2076,삼성전자 갤럭시  인니 출시 장악 중저가 시장 공략
2077,글로벌 사업 확대 통해 기업가치 제고오콘 캐릭터 라이선싱 페어  
2078,호랑이 굴에서 맺은 결의 한국 스타트업을 세계 무대로
2079,핑거루트 에너지 소모 증가지방 생성 억제로 다이어트 효과적홍지민 감량
2080,운동 능력근육량 증가에 효과적 홍지민 다이어트 핑거루트 기초대사량
2081,밀양 제비 제주일본 등 거쳐 인니까지 날고 년 뒤 돌아왔다
2082,아우라 한류 이끄는 서민준한영진과 훈남 케미 발산
2083,홍지민 핑거루트 섭취후 개월만에  감량 거짓 진실 판두라틴 성분 
2084,밀양 제비 인도네시아까지 만천 날고 년 뒤 돌아왔다
2085,핑거루트 맛은 어떨까 생강맛 살짝 나고 역하지 않아
2086,환율 인사이드 월 일 인도네시아 루피아 오늘의 환율 정보
2087,제의 이주민 도시 화성 이주민과 함께 살기
2088,팔아야 귀국 파이터 김동현 깜짝 합류 실수 연발로 장동민 독설
2089,팔아야 귀국 김동현 팝업스토어 영업 합류그냥 집에 갈래요
2090,텐센트 체스러쉬 글로벌 스타 챌린지 일 첫 경기시간 공개
2091,아우라 서민준한영진과 함께 한 블랙 슈가 티저 이미지 공개
2092,핑거루트 판두라틴 지방세포 잡는 킬러 다이어트 효과장이 약하면 복통 
2093,핑거루트 어떤 맛 오래 씹을수록 생강맛이 나고 역하지 않아
2094,개월에  감량 핑거루트 부작용  건강하게 먹는 방법 눈길
2095,체스러쉬 글로벌 스타 챌린지 일 새벽 시 시작
2096,핑거루트로 개월에  감량 부작용 없이 먹으려면 이렇게
2097,에이핑크 인도네시아   참석
2098,홍지민 굴욕 없는 각선미 비결은 핑거루트
2099,텐센트 체스러쉬 글로벌 스타 챌린지 일 개최 한국 대표 따효니 출전
2100,대한민국 애니메이션회사 오콘 캐릭터 라이선싱 페어  참여로 국내사업
2101,핑거루트 개월  감량 효능과 부작용 간단하게 먹는 방법까지
2102,핑거루트 다이어트 성공 홍지민 근황 사진 공개 몸매 미모 더 어려졌네
2103,팔아야 귀국 천군만마 김동현장동민 독설에 집에 갈래요
2104,광주세계수영대회 경영  대표팀  자유형 계영 한국 신기록
2105,국표원 기술규제 해소 협의
2106,텐센트 체스러쉬 글로벌 스타 챌린지 일 첫 경기시간 공개
2107,오콘 캐릭터 라이선싱 페어  참가국내사업 및 글로벌 사업 확장 본
2108,에이핑크   출연 확정걸그룹 저력 예고공식
2109,단독롯데케미칼 대산공장 화학물질관리 위반혐의로 수사 중
2110,에이핑크   참여첫째날 무대 확정
2111,정의선 현대자동차그룹 수석부회장의 현장 경영 주목
2112,가루다항공 자카르타발리 최대 특가항공권 프로모션
2113,팔아야귀국 파이터 김동현 영입팝업스토어 지각변동 예고
2114,물에 핑거루트만 더하면 미스코리아 다이어트 비법 공개
2115,아재 꼰대 직원고객에 손 내미는 소통형 보험
2116,성희롱 통화 녹취 유포죄로 실형 받은 피해자 인니 의회 사면 승인
2117,글로벌  데니스 뮬렌버그 보잉   맥스 생산 중단 방안 고려 중
2118,팔아야귀국 파이터 김동현 영입 팝업스토어 지각변동 예고
2119,에이핑크   참여 년차 걸그룹 완숙미 뽐낸다
2120,에이핑크 인도네시아 무대 선다 출연
2121,패션뉴스 패션코드   참가사 모집 외
2122,제주관광공사제주국제연수센터 섬관광 지속가능한 발전 업무협약
2123,제주관광공사 제주국제연수센터 업무협약 체결
2124,대웅제약 글로벌  네트워크 구축 현지 지배력 강화 장기전
2125,오콘 캐릭터 라이선싱 페어  통해 국내사업 및 글로벌 사업 확장 본격
2126,정의선 현대차 수석부회장 리스크 분산전략 집중
2127, 인니 신 수도지 내달 일에 공표공공사업 장관이 밝혀
2128,트래블레져 선정 물리아 발리 전세계 최고 리조트 위 차지
2129,물에 핑거루트만 더하면  감량미스코리아 다이어트 비법 공개
2130,직장영어 그 사람의 이메일에선 사람 냄새가 나
2131, 닛산 분기 순이익  감소로 만명 구조조정
2132,에이핑크   출연 확정 년차 걸그룹의 완숙미 예고
2133,에이핑크   출연 확정 년차 걸그룹 저력 보여준다
2134,제주관광공사 국제연수센터 지속가능 
2135,제주관광공사  제주국제연수센터와 어깨동무
2136,가루다인도네시아항공 자카르타발리 최대  특가 판매
2137,부아메라특집 혈액순환장애 대형열매로 관리
2138,혈관청소약 부아메라 그 이유는
2139, 믹타 영 리더스 캠프 개최
2140,신혼여행 중 파도가 삼켜버린 새 신랑 결혼한 지 주만에
2141,셔틀콕 여자복식 김소영공희용 일본오픈 강 진출
2142,달러 피처폰이 억명이 쓸 차세대폰
2143,최대  저렴 가루다인도네시아 자카르타와 발리 일반석 특별요금
2144,전주광주가구단지 헤리티지홈 가죽쇼파 우드슬랩 티크고재가구 특가이벤트
2145,세종시 장애인 탁구 이미규 선수패럴림픽 출전권
2146,여자친구 오늘부터 우리는 으로 오프닝을 연 
2147,에이핑크   출연 확정인니 달군다
2148,오쇼핑서 혈액정화제 부아메라 여름철 혈액순환 관리 주목
2149,페이스북 지도 분석 서비스 맵 위드  공개
2150,자카르타 구시가지로 떠나는 도보 여행
2151,에이핑크  출연 확정한국 최고 걸그룹 위상 보여준다
2152,가루다인도네시아항공 인천자카르타발리 노선 최대  할인 판매
2153,올즙 올바른 핑거루트 환 스틱 출시
2154,폰데어라이엔라가르드글로벌 여성 파워 지각변동
2155,조코위 대통령 짜리 소 주문이슬람 명절 제물용
2156,인도네시아 가는 하늘길 넓어질까 한국인도네시아 항공회담 열려
2157,성희롱 당했다가 오히려 징역받은 인니 여성 여론이 살렸다
2158,신영균 목사 인도네시아 선교지 방문
2159,매경신문 오늘의 프리미엄 월 일
2160,시설안전공단 교량안전관리 기술 인도네시아 전파 신남방 진출 교두보
2161,쿡앤세프  가루다인도네시아항공  자카르타와 발리 최대 
2162,싱가포르 근처 핫한 섬 휴양지 빈탄
2163,빈탄 해변에서 인도네시아 요리 직접 만들어보세요
2164,더 레지던스 빈탄이 자랑하는 릴랙스 공간
2165,동남아 휴양은 역시 해변 풀빌라
2166,빈탄 열대해변에서 액티비티 즐겨볼까
2167,단 둘만의 빈탄 세가라비치 로맨틱 프라이빗 다이닝
2168,빈탄섬 동남쪽 해변 풀빌라
2169,제주관광공사연구조사센터 제주관광공사 제주국제연수센터 어깨동무
2170,  서비스 포트폴리오 확장하며 전략적 자금 조달 마쳐
2171,이번엔 영화다   패션코드 참가사 모집
2172,국제대회 일본 무역보복은 군국주의 부활공동 대응키로
2173,세종 이규미  도쿄패럴림픽 탁구 출전권 획득
2174,부아메라 오일 섭취시 유의사항은
2175,한국시설안전공단 한국형 교량안전관리 기술 인도네시아 전파
2176,저지른 죄악은 시효없는 반인륜 범죄 아태평화 국제대회 폐막
2177,제시카 발리서 여름 메이크업 선보여 역대급 비주얼
2178,각종 베리류보다 월등 부아메라 효능먹는 법부작용빨아 먹는 과일 같
2179,영상토크  여자 복싱의 미래 오연지임애지를 만나다
2180, 아시아 시리즈 젠지다나와 일 차 최상위권 진입 블랙 아나나스
2181,사슴버펄로 삼키는 왕도마뱀 해변서 어슬렁
2182,제주관광공사 제주국제연수센터 섬관광의 지속가능한발전을 위해 업
2183,세종 이미규 선수 패럴림픽 탁구 출전권 획득
2184,재래시장과 결합한 주상복합 이게 말이 되나
2185,청순돌 에이핑크   출연 확정
2186,군사 대국 중국 동남아 상대 무기 수출 박차
2187,군사 대국 중국 동남아국가 상대 무기 수출 박차
2188,에이핑크 인도네시아  로 초대
2189,토요단상 한일 지자체 간 교류가 필요한 때다
2190,인도네시아어 년 월 일 오늘의 외국어 한마디는
2191,김조원 청와대 민정수석 임명 최종호 전무 사장 직무대행
2192,오늘의 채널인도네시아 카페서 망중한
2193,배드민턴 여자복식 김소영공희용 일본오픈 결승행
2194,  미니앨범   아이튠즈 전 세계 개 지역 위
2195,  아이튠즈 톱 앨범차트 개국 위
2196,    아이튠즈 개국 위 언론 주목 공식
2197, 드림 아이튠즈 톱 앨범 차트 개지역 위글로벌 관심 집중
2198,팔아야 귀국 김동현 장동민 구박에 제 가방 어디 있어요 그냥 집에 갈래
2199,김동현 오늘일 팔아야 귀국 깜짝 등장구원투수  사고뭉치
2200,  새 미니앨범   아이튠즈 전 세계 개 지역 위
2201, 드림 위 붐으로 아이튠즈 개 지역 위
2202,몰려드는 폐플라스틱에 몸살 난 인니 수입장벽 크게 높여
2203,  아이튠즈 톱 앨범차트 개국 위글로벌 인기
2204,인니 조코위 대통령 정의선 부회장에 현대차 적극 투자로 꼭 성공하길
2205,이하늬 이하늬는 최근 자신의 인스타그램에  
2206,제시카 뷰티 브랜드 어뮤즈 는 제시카와 
2207,전세계 강타 조짐  신곡 위 붐 파워
2208,공식   신곡   아이튠즈 전 세계 개 지역 위
2209,  새 미니앨범   아이튠즈 전세계 개 지역 위
2210,  새 앨범   아이튠즈 전 세계 개 지역 위
2211,  새로운 글로벌 강좌   전세계 개 지역 위
2212,  미니앨범   아이튠즈 세계 개 지역 위
2213,소녀시대 한편 수영은 지난 일 화보 
2214,몰려드는 폐플라스틱에 몸살 난 인도네시아 수입장벽 크게 높여
2215,엔시티 드림 새 미니앨범 위 붐 아이튠즈 전 세계 개 지역 위
2216,  붐 개국 위 빌보드 엄청난 성장 조명
2217,    아이튠즈 전세계 개 지역 위
2218,  신보   통해 글로벌 명성개국 아이튠즈 정상 비롯 음
2219,팔아야 귀국 손님 김동현 장동민 구세주인가짐인가
2220,  세 번째 미니앨범   아이튠즈 전 세계 개 지역 위
2221,팔아야 귀국 장동민 구박에 김동현 그냥 집에 갈래요
2222, 드림 아이튠즈 전 세계 개 지역 위해외 언론도 주목 엄청난 성장
2223,산업통상자원부 국가기술표준원 인도인도네시아와 기술규제 해소 방안 논의
2224,    빌보드  등 해외 언론도 주목
2225,리포트제비의 강남은 어디인가 한국 대만 모두 인도네시아
2226,팔아야 귀국 인도네시아서 인기 폭발김동현 본격 합류종합
2227,팔아야 귀국 나르샤신봉선 장사 시작 시간 반만에 녹초
2228,팔아야귀국 유권 손짓 하나에 쏟아지는 소녀팬 함성
2229,팔아야 귀국 블락비 유권 인도네시아 인기스타 등극 난리법석
2230,팔아야 귀국 라마단 금식 후 몰려든 손님들에 당황 정신없어
2231,    아이튠즈 전 세계 개 지역 위
2232,인도네시아 폐플라스틱 수입 규제 강화
2233,더보이즈 성공적 투어에 힘입어 최종 공연지인
2234,통통 지역경제 어묵하믄 부산 아이가쑥쑥 크는 어묵산업
2235,콘진원 아시아 최대 패션문화마켓 패션코드   개최
2236,인도네시아어 년 월 일 오늘의 외국어 한마디는
2237,팔아야 귀국 열정 만수르 김동현 천군만마  내부의 적전일야화
2238,일본에 제의 간토대지진이 발생한다면 조선인 등 만 여명 사망 
2239,   이하늬 인스타그램을 통해 근황 공개
2240, 성공적 투어에 힘입어 최종 공연지인
2241,제시카 이번 화보에서 제시카는 한 편의 
2242,더보이즈 첫 공연지인 일본의 경우 뜨거운
2243,한국시설안전공단 교량안전관리 기술 인도네시아 전파
2244,경기도 아태평양 평화대회 성료리종혁 수출보복 비판
2245,세종시 자카르타 국제 프리미엄 소비재전 참가기업 모집
2246,자카르타 국제 프리미엄 소비재전 참가기업 모집
2247,세종시 자카르타 프리미엄 박람회 참가기업 모집
2248,거대 시장 인도네시아로 판로 넓히러 가요
2249,제주관광공사와 제주국제연수센터포럼 발전에 손잡아
2250,밀양 제비 제주인니 등 거쳐 년간 만천 날고 돌아와
2251,세종시 자카르타 국제 프리미엄 소비재전 참가기업 내달 일까지 모집
2252,세종시 자카르타 국제 프리미엄 소비재전 참가기업 모집
2253,현대차 년만에 중국생산 만대도 무너졌다
2254,배드민턴 김소영공희용 일본 꺾고 일본오픈 우승
2255, 제주국제연수센터 연대 강화
2256,배드민턴 김소영공희용 일본오픈 여자복식 우승
2257,세종시 인도네시아 자카르타 국제 소비재전 참가기업 모집
2258,배드민턴 김소영공희용 일본오픈 우승도쿄올림픽 청신호
2259,배드민턴 김소영공희용 일본 꺾고 일본오픈 우승종합
2260,이상빈의 터치패드 광주 수영대회 최대 수확 경영 한국 장래 밝힌 유망
2261,콘텐츠 투자 뒤늦게 빛보는 네이버카카오
2262,조코위 대통령 면담하는 정의선 현대차그룹 수석 부회장
2263,엑시트가 보인 새로운 재미 이런 재난영화도 있었다
2264,이젠 패션 한류월 패션 코드  
2265,배드민턴 복식 김소영공희용 일본오픈 우승
2266,인도에도 뒤처진 현대 중국공장의 굴욕
2267, 침대 매트리스 개 중 개가 지누스온라인의 이케아 될 것
2268,우포생태분원 국내 최초 제비 이동경로 밝혀내
2269,일본 킬러 김소영공희용 일본오픈배드민턴 우승
2270,데이터경제 대세인데 맹목적 규제라니
2271,모바일 혈당측정기 우리가 최초규제에 활용 한계
2272,김원웅 광복회장 민족정통세력들 대한민국 주류사회로 이끌겠다
2273,일본킬러 김소영공희용 배드민턴 일본오픈 복식 우승
2274,정전으로 중단된 아시아 시리즈 포인트 문제로 다시 중단 중국대만 팀 대
2275,전주기접놀이 인니의 밤을 흔들다
2276,세종시 자카르타 프리미엄 소비재전 참가기업 모집
2277,배드민턴 여자복식 공희용김소영 일본오픈 우승
2278,단독 총영사 여직원 성추행 외교부 기강 참사
2279,김소영공희용  꺾고 일본오픈 축배
2280,스타브랜드 엔에이치네트웍스
2281,아시아 평화 도모하는 길  사과배상뿐
2282,사설전쟁범죄 자료 유네스코 등록해야
2283,   지난 일 이하늬의 인스타그램이 화제
2284,글로벌  시설안전공단 중소기업과 손잡고 인도네시아 특수교량관리시
2285,현악앙상블  
2286,한국형 교량안전관리 기술 인니 전파
2287,아태평화대회 공동발표문 통해 일본정부 강력 규탄
2288,뉴스 이병천교수 누구 장학생 유치원 도우미로 일해
2289,김규환 의원 한국의 총 대일 투자금액 억 만달러
2290,사죄배상 견인위해 연대아태평화대회 공동발표문 제시하고 폐막
2291,존재감 뿜뿜 카오디오의 조건은 스펙보다 밸런스
2292,배드민턴 김소영공희용 일본침몰 스매싱
2293,글로벌  코트라 국내 조선기업 인도네시아 진출 길라잡이 활약
2294,단독 주일 총영사 성추행 외교부 기강 참사
2295,수마트라 섬 갔던 제비
2296,아태 국제대회 개국 일 무역보복은 군국주의 부활
2297,로컬 경제 국제 프리미엄 소비재전 참가기업 모집
2298,해법 못찾는 한일갈등 지금 일본에선
2299,인니미얀마 설화가 판소리로
2300,농장 하나가 꿈이젠 너무 큰 농장 갖게 됐네요
2301,데스크의 눈갈 길 먼 현대차 노사 갈등이 발목 잡나
2302,인도네시아 장관 자바섬에 현대 전기차 공장 짓기로
2303,장관 현대차와 자와섬 전기차공장 설립 논의
2304,휴가 떠난 제시카 인도네시아 발리에서의 일상 전해
2305,이병천 유학생 부리고 돈은 반도 안 줘 현금 요구출입증 강탈도
2306,레드벨벳  출격 확정 인도네시아서 성공적 해외 행보
2307,레드벨벳  출격 확정성공적 해외 행보 이어나간다
2308,레드벨벳   출격성공적인 해외 행보 이어나간다
2309,한국시설안전공단 교량안전관리 기술 인도네시아 전파
2310,핑거루트 신진대사 조절  피부 좋아지는 법으로 탁월 효능분말 복용법
2311,팀터바인의 스타트업 위클리 월 주차 팟캐스트
2312,취재후 그곳에선 학생들이 자꾸 쫓겨나요이병천 연구실의 비밀
2313,한국형 교량안전관리 기술 인도네시아 전파
2314,인도네시아어 년 월 일 오늘의 외국어 한마디는
2315,신영증권 종근당 분기 안정적 실적 속 인도네시아  통한 글로벌 진출 기
2316,에퀴닉스 아시아태평양 총괄 사장 제레미 도이치선임
2317,레드벨벳  출격인니 달군다
2318,퀵리포트 종근당 매수 유지목표가 만원 유지신영
2319,종근당 올해 매출 조원 달성 가능 전망신영증권
2320,글로벌  현대차 수출 확대에 팔걷어남아공에 신형 투싼 스포츠 투
2321,국내 우수  메이드 인 코리아로 해외 진출 활발
2322,함양군 인니 여행사협회와 문화관광 교류 협약
2323,종근당  호실적 이어 하반기에도 지속적 성장 가능신영
2324,마다가스카르 어디에 있는 나라
2325,지난해 의약품 수출 조원 역대 최대 실적
2326,전북가야 동북아 문물교류 허브
2327,베페  중국 상하이 유아산업 전시회 한국관 성료
2328,에퀴닉스 제레미 도이치 아태 총괄 사장 선임
2329,품질과 기술력도 한류  메이드 인 코리아로 해외 진출 활발
2330,에퀴닉스 아시아태평양 총괄사장에 제레미 도이치 선임
2331,에퀴닉스 제레미 도이치 아시아태평양 총괄 사장 선임
2332,작년 의약품 수출액 억만달러로 역대 최대바이오의약품 비중 
2333,지난해 의약품 수출실적 역대 최대 바이오의약품은 년 연속 무역수지 흑자
2334,아시아 최대 패션 코드   월 일 개막
2335,레드벨벳 인도네시아 달군다 출격 확정공식
2336,지난해 의약품 생산실적 위는 한미약품
2337,작년 의약품 수출 조 돌파바이오의약품이 수출 주도
2338,에퀴닉스 아시아태평양 총괄 사장으로 제레미 도이치 선임
2339,작년 의약품 수출  증가하며 조원 돌파 사상 최대
2340,필리핀 첫 블록체인 플랫폼  기술로 구축
2341,바이오의약품 수출 효자상품으로실적 견인
2342,에이핑크 인도네시아서 한국 걸그룹 저력 보여준다  출연 확정공
2343,현대기아차 해외 판매 천만대년 만에 지구 바퀴
2344,부산소식고리원자력본부 일 수요행복음악회 개최 등
2345,환율 인사이드 월 일 인도네시아 루피아 오늘의 환율 정보
2346,에이스  가수 중 유일하게 자카르타 푸드 페어 참석 글로벌 인기
2347,레드벨벳   출연 확정 인도네시아 팬들 기대감 최고조
2348,에이스 자카르타 푸드 페어 참석 글로벌 인기
2349,에이스 자카르타 푸드 페어 참석현지 사로잡은 강렬 퍼포먼스
2350,인도네시아의 공수처 부패척결위원회의 미래
2351,인도네시아 자카르타 대기오염지수 세계 위공기 질 최악
2352,주일 총영사 성추행 혐의 경찰 수사 중처참한 외교부 기강에 강경화 책임
2353,레드벨벳   출격 확정인도네시아 달굴 글로벌 행보
2354,국내 유아용품기업 중국 상하이 유아산업 전시회서 만 달러 실적
2355,에이스  가수 중 유일하게 자카르타 푸드 페어 참석
2356, 맥스 운항 중단 연말까지휴가철 항공대란 우려
2357,공룡의 후예 코모도왕도마뱀 원숭이 통째로 잡아먹는 순간 포착
2358,지난해 의약품 수출 조 억원으로 역대 최대 실적
2359,바이오 훈풍 탄 국산 의약품 수출 훨훨
2360, 파파고 번역기 탑재한 에그 톡 출시
2361,정의선 부회장 글로벌 시장서 광폭행보 부진 턴다
2362,리얼푸드다이어트 효과 핑거루트 속 판두라틴
2363,매경이코노미 비즈니스 레스토랑 가이드  그랜드인터컨티넨탈서울파
2364,에이스 자카르타 푸드 페어 참여 팝 가수 중 유일
2365,지난해 의약품 수출실적 억 달러로 역대 최대
2366,에퀴닉스 아시아태평양 총괄 사장에 제레미 도이치 선임
2367,레드벨벳  출격 확정 성공적 해외 행보 이어나가
2368,지난해 의약품 수출 조 억원 역대 최대 실적
2369,함양군자카르타 보고르군   자매결연 의향서 교환
2370,아데 야신 보고르군 군수와 환담 하는 서춘수 함양군수
2371,서울대 이병천 교수 연구비 비리 의혹 감사 착수
2372,세상 만사나라 밖시끄럽다 서 이웃 다툼으로 사망까지
2373,동물약품 수출 위해 브라질까지 날아간 국내 기업들
2374,까스텔바쟉에 인도네시아 피카린 큰 관심
2375,좋아요 중소기업 우수제품에이빌코리아 프레쉬 허브 오리진 세럼
2376,여행지 맛집 그대로유통식품업계 해외 인기 메뉴에 주목
2377,손바닥 외신 러시아 반정부 인사 화학물질 공격 받았다
2378,월요기획 승부수 나만의 골든 스폿을 찾아라
2379,에이스 자카르타 푸드 페어 참석현지 팬들과 소통 인기 증명
2380,레드벨벳  출격확정 팝 대표 그룹 면모
2381,함양군자카르타 보고르군   자매결연
2382,에이스 자카르타 현지 팬 사로잡은 강렬한 퍼포먼스독보적  
2383,의약품 수출 역대최대 조원 돌파 바이오의약품 강세
2384,태광 내년이면 분기당 매출실적이 억원 상회할 듯
2385,의약품 수출 조원 넘어 사상 최대 실적 기록
2386,커버스토리 한일 갈등에 맞설 싸움의 기술
2387,해외사업과 시작점 다른 네이버 국내 핀테크 방향
2388,계약해지 둑 터진 인보사 도미노 해지 우려 수출 현황은
2389,인도네시아 대통령 만난 손정의
2390,한국시설안전공단 인도네시아 국가교량 통합관리 시스템 구축사업 착수
2391,국립해양조사원 국제인증 해도제작교육 실시
2392,현대차그룹 글로벌 공략정의선표 밑그림 나왔다
2393,손정의 동남아 우버 그랩에 조 원 투자
2394,함양군인도네시아 보고르군 자매결연 의향서 교환
2395,손정의 동남아 우버 그랩에 조원 투자
2396,대화하는 서춘수 함양군수와 보고르 군수
2397,미얀마로힝야 귀환 협상 또 결렬 시민권 인정안전 보장 안 돼
2398,한일합자회사 분석 니꼬동제련 장부상 의존율 전무배당금은 억
2399,에퀴닉스 제레미 도이치 아태지역 신임 총괄 사장 선임
2400,짐살라빔 레드벨벳 주년 맞이 팬 미팅러비 덕분에 행복했
2401,소프트뱅크 그랩 통해  억 달러 투자디지털 인프라 구축
2402,그랩 소프트뱅크서 조천억원 추가 유치
2403, 인도네시아 현대 도자비엔날레 참여 조장현권승찬 작가
2404,작년 의약품 수출 역대 최대 의약외품도 연속 흑자
2405,소프트뱅크 그랩에 억 달러 투자인도네시아 디지털 인프라 구축 지원
2406,손정의가 선택한 그랩 인도네시아 디지털 경제 선봉
2407,소프트뱅크 그랩 을 통해 인도네시아에 조억원 투자
2408,순천시청 유도 박다솔 자그레브대회 은메달
2409,김규환 의원 일본 진출 한국기업 디렉토리 현황 분석 공개보이콧 현상 
2410,박다솔 자그레브유도대회 
2411,년 동안 작업해온 무궁화 작품들이에요
2412,인사 에퀴닉스 아태지역 총괄 사장에 제레미 도이치 선임
2413,질주하는 동남아의 우버 그랩조 억원 투자유치
2414,여자친구 월 글로벌 팬 커뮤니티 위버스 개설 예정본격 빅히트와 한 식
2415,그랩 인도네시아 디지털 인프라 구축 나선다
2416,손정의 인도네시아 전기차디지털 인프라 구축에 조 투자
2417,인니 만디리은행 전산오류잔액증가 고객 중  미반환
2418,작년 의약품  수출 바이오가 효자
2419,국민카드 스타샵  인천펜타포트락페스티벌  역대급 라인업 
2420,함양군 글로벌 우호교류 활동 활발
2421,월드 브리핑 미중 무역협상 이번에는 스몰딜에 초점
2422,팔아야 귀국 유권을 보며 미소를 감추지 못했다
2423,팔아야 귀국 자카르타에 도착하자마자 김동현은 인도네시아 단어를
2424,팔아야귀국 팬들의 마음을 깊이 헤아린 배려였다
2425,팔아야귀국 소녀는 떡볶이를 먹었고 맛을 
2426,팔아야 귀국 많은 사람의 도움을 받아 계산
2427,위 붐   의 세 번째 미니앨범
2428,예천군 스포츠 전훈지 메카 이름값
2429,기고 대 분야 빅데이터 플랫폼 구축에 거는 기대
2430,자연지애 배 고농축 핑거루트 추출분말 선보여
2431,태안해경 조업 중 다친 외국인 선원 응급 후송
2432,팔아야 귀국 유권은 대기 번호와 일행수를 체크했다
2433,팔아야 귀국 김동현의 등장에 대한 기대감과 반가움은
2434,  영국 음악전문매거진 도 일 현지시간
2435,팔아야 귀국 나르샤는 계산 착오로 손님들에 둘러싸여
2436,팔아야귀국 모습을 본 팬들은 유권의 행동
2437,과 함께하는 인도네시아어 배우보기  지난 일 김야니
2438,팔아야 귀국 떡볶이를 주문하지 않았는데 떡볶이가 나갔고
2439,팔아야귀국 팔아야 귀국 멤버들은 바쁜 일손을
2440,  영국 음악 전문 매거진 도
2441,팔아야 귀국 장동민은 손님들이 한 번에 몰려들자
2442,  신곡 영국 음악 전문 매거진 도
2443,   의 세 번째 미니앨범
2444,  미국 유명 매체 빌보드는 일
2445,  이와 더불어 미국 빌보드는 지난
2446,  음악평론가들 사이에서도 호평이다
2447,위 붐  영국 음악전문매거진 도 일 현지시간
2448,팔아야 귀국 바쁜 팝업스토어 푸드존의 상황 때문에
2449,팔아야귀국 팔아야 귀국  인도네시아 편
2450,팔아야귀국 신봉선은 정신없다 라면서도 차근차근 김밥을
2451,팔아야 귀국 신봉선은 설거지 지옥에 빠졌고 나르샤는
2452,김야니 과 함께하는 인도네시아어 배우보기  근황공개
2453,그랩 소프트뱅크로부터 억달러 추가 투자 유치 인도네시아 제본사 설립
2454,경북도 청년무역 전문인력 명 배출
2455,최선호 역사칼럼 고추의 아메리카 이야기
2456,네이버 주저앉은 실적금융업 진출 통한 고성장 가능할까
2457,소프트뱅크 그룹 인도네시아서 조원 대 투자 나선다
2458,외국인 유학생 만 시대학생 간 의사소통이 과제
2459,인도네시아어 년 월 일 오늘의 외국어 한마디는
2460,글로벌  소프트뱅크 그랩에 억달러 투자인도네시아 디지털 인프
2461,종근당 인도네시아에 항암제 공장 완공
2462,씨티씨바이오 필름형 발기부전 치료제 남미 개국 허가 완료
2463,슈퍼주니어 인도네시아 팝 공연   출격 확정
2464,슈퍼주니어   출격 확정 인도네시아도 홀린다
2465,동남아 차량공유 위 그랩 손정의 투자 억불 통해 인니 디지털 인프라 구
2466,세계도 인정한 싱어송라이터  내일 저녁 귀 호강 예고
2467,슈퍼주니어 완성도 높은 무대로   출격 확정
2468, 세코 서  수출규제 철회 요구는 시간 낭비
2469,손정의 인도네시아 디지털인프라 구축에 조억 투자
2470,비엔엑스 위버스에 걸그룹 여자친구 공식 팬 커뮤니티 오픈 확정
2471,세아상역  친환경 비즈니스 도입 통한 혁신 시너지
2472,디지털 광고 플랫폼   체인과 파트너십 체결
2473,김야니 일 인스타그램을 통해 일상 공개
2474,유명 화장품 브랜드 세포라에서 고객 정보 유출돼
2475,제회 할랄산업엑스포코리아  월 일 코엑스에서 개최
2476,양예빈이재웅이재성의 등장한국 육상의 르네상스 올까
2477,일 인도네시아 루피아 오늘환율원  감소 
2478,중국 기술 트랜드  카피캣 중국 인터넷 기업 카피타이커가 되다
2479,가수 최강창민 다문화 가정 아동에 만원 기부 
2480,슈퍼주니어   출격 확정
2481,경북도 기 경북청년무역사관학교 수료식글로벌 무역인재 양성
2482,체지방 감량 건강한 다이어트 후 자신감  홍지민 핑거루트 다이어트 식품
2483, 매체 방탄소년단 정국 유포리아 미국서 만 이상 곡 판매 인기 재증명
2484,비엔엑스 걸그룹 여자친구 공식 팬 커뮤니티 위버스 오픈
2485,보잉 사태 장기화중소 항공사 피해 확산 우려
2486,한패스 웨스턴 유니온과 해외송금  체결
2487,슈퍼주니어   출연 확정글로벌 행보 계속
2488,중소기업 한류 선도 원적외선 최지우 마스크 보미라이  진출
2489,슈퍼주니어   출격 확정 공식
2490,발리호텔서 드라이기까지 챙긴 낯뜨거운 인도인 가족 적발
2491,대덕대 호텔외식조리과 인니 국제요리경연서 수상
2492,에이스  가수 중 유일하게 자카르타 푸드 페어 참석 글로벌 인기
2493,환율 인사이드 월 일 인도네시아 루피아 오늘의 환율 정보
2494,케이티 러데키 발언 경청하는 조원상
2495,선물 건내는 케이티 러데키
2496, 이어대한항공 월부터 부산삿포로 운항 중단
2497,이슬람 성지순례 기간 전후 사우디아라비아 방문 시 메르스 감염 주의
2498,트럼프 관세에 문닫는 제철소승자 없는 무역전쟁
2499,양예빈 이재성 이재웅 등 두각 나타내는 한국 육상의 샛별들
2500,한패스웨스턴 유니온 해외송금 업무협약 체결
2501,대덕대학교 호텔외식조리과 인도네시아 국제요리경연대회 수상
2502,대덕대 인도네시아 국제요리경연대회 수상 휩쓸어
2503, 인니  관람객 만명
2504,인터뷰조동성 인천대학교 총장 등 아니라 차별화된 유일한 대학이 목
2505,슈퍼주니어   출격인도네시아 팬들 만난다
2506,부안마실축제 평가만족도  경제효과 억 원
2507,비엔엑스 여자친구 공식 팬 커뮤니티 위버스 오픈 확정
2508,해외서 제조한 김치빵과자 등 위생관리 엉망
2509,슈퍼주니어    출격 확정 공식입장
2510,소프트뱅크 그랩 통해 인도네시아 디지털 인프라 구축에 억 달러 투자
2511,글로벌 모바일 마케팅 플랫폼 유애피 한국지사 통해 국내 시장 공략
2512,슈퍼주니어   출격 확정공식
2513,인도네시아 쓰레기 컨테이너 개 프랑스홍콩 반송
2514,민간 발전 사 실적  원가경쟁력에서 갈린다
2515,이노비즈 국내 중소기업의 인니 진출 돕는다
2516,경북도 제기 경북청년무역사관학교 수료식 개최전문인력 명 배출
2517,소프트뱅크 동남아 우버 그랩에 억달러 투자손정의 인도네시아는 기
2518,트래픽브레이크 경찰 고속도로 걷던 대 외국인 구조
2519,홍창우 혁신형 기술 보유  신규 수출시장 개척 지원 할 것
2520,대덕대 호텔외식조리과  국제요리경연대회 개상 수상
2521,현대차 정의선의 동남아 한일전 판 뒤집을 열쇠는 전기차
2522, 휠체어 펜싱팀 어린이 펜싱 체험교실
2523,야간에 고속도로 걸어다닌 외국인노동자경찰 귀가조치
2524,글로벌 모바일 마케팅 플랫폼 유애피  본격 국내 시장 공략
2525,그랜드코리아레저 휠체어 펜싱팀 어린이 펜싱 체험교실 개최
2526,대덕대 호텔외식조리학과 대회 휩쓸어
2527,경북청년무역사관학교 청년 무역인력 명 새로 배출
2528, 제회 한국인도네시아 기술교류상담회 개최
2529,글로벌 모바일 마케팅 플랫폼 유애피 년 하반기부터 본격 국내 시장 공
2530,영상 발리에서 생긴 일 호텔 비품 싹쓸이 가족의 최후는
2531,암호화폐 커뮤니티 코인빽 웹툰 런칭
2532,글로벌 모바일 마케팅 플랫폼 유애피  자체 인벤토리로 국내 시장 점
2533, 수출지원 성과 협력사 지원으로 임금격차 
2534,고속도로 걷던 대 외국인 구조한 경찰
2535,경제산업상 일본 수출규제는 과 관련없어회담 안한다
2536,웅진코웨이 분기 매출이익 최대매각 흥행할까
2537,순천시청 박다솔유도 국제대회 잇딴 입상 도쿄올림픽 출전 청신호
2538,인니 병합 년 서파푸아 독립군에 어린이까지 동원복수의 사이클 형성 
2539,웅진코웨이 분기 트리플 크라운역대 최대치 달성
2540,웅진코웨이 분기 매출영업익당기순익 모두 역대 최대
2541,환경가전 렌털 위 웅진코웨이의 저력
2542,웅진코웨이 분기 매출영업익당기순익 모두 역대 최대
2543,웅진코웨이 분기 영업익 억원 역대 최대
2544,수건 드라이기 휴지통까지호텔비품 훔친 인도가족 망신살
2545,웅진코웨이 매각 악재 불구 매출영업익당기순익 트리플크라운종합
2546,웅진코웨이 분기 매출영업익 역대 최고하반기도 견조
2547,이노비즈기업협회 한인니기술교류상담회 개최
2548,웅진코웨이 역대 최대 매출영업익당기순익 트리플 크라운 달성
2549,웅진코웨이 분기 실적 역대 최고국내외 렌털판매 호조종합
2550,렌탈강자의 저력 웅진코웨이 분기 영업익 억원 역대 최대
2551,웅진코웨이  매출영업익당기순익 모두 역대 최대 트리플 크라운
2552,이노비즈 제회 한인니기술교류상담회 개최
2553,웅진코웨이 올  매출영업이익당기순이익 역대 최대치 기록
2554,대덕대 호텔외식조리과 인도네시아 국제요리경연대회 수상
2555,문화와 함께 무더위 싹문화가 있는 날
2556,전남 경찰 트래픽브레이크로 고속도로 걷던 외국인 구조
2557,이노비즈 제회 한인니 기술교류상담회 개최
2558,웅진코웨이 국내외 실적 호조분기 실적 역대 최고
2559,웅진코웨이 분기 매출영업이익순이익 모두 역대 최대
2560,발리호텔서 수건과 세면도구 훔쳐간 인도 관광객의 추태
2561,완주창작스튜디오 전북 미술에 날개 더해
2562,전남체고 육상팀 회 전국체전 활약 예고
2563,웅진코웨이 분기 매출영업익당기순익 모두 역대급
2564,웅진코웨이  매출영업익 역대 최대 실적
2565,한패스 웨스턴 유니온과 해외 송금 업무협약 체결
2566,웅진코웨이 분기 매출영업익순익 모두 역대 최대
2567,웅진코웨이 분기 매출 억원 영업익 억원역대 최대 실적
2568,김야니 과 함께하는 인도네시아어 배우보기 
2569,나르샤 화끈한 수영복 자태 눈길다이어트 비결은 무엇
2570,블록체인 소셜 앱에 빠진 인니 국내사 진출 이어져
2571,소프트뱅크 인도네시아로그랩에 억달러 추가 투자
2572,웅진코웨이  트리플크라운매출영업익순익 역대 최대
2573,웅진코웨이 분기 매출영업익당기순익 역대 최대
2574,이하늬 민낯도 문제없는 미모미스코리아의 자신감 
2575,재매각 추진 웅진코웨이 분기 매출영업익당기순익 역대 최고
2576,대덕대 호텔외식조리과 인도네시아 국제요리경연대회 싹슬이
2577,웅진코웨이 분기 역대 최대 실적렌털 판매량도 최고치
2578,월 국내 첫 상륙하는 세포라 개 매장에 정규직 명 채용
2579,웅진코웨이 렌털 판매 역대 최대분기 영업익 
2580,경제라이프 웅진코웨이 분기 영업익 억원 역대 최대
2581,뷰티 디바이스 생활주방 가전 등  우수한 메이드 인 코리아로 
2582,웅진코웨이 상반기 매출 조 육박역대 최대
2583,이노비즈협회 한인니 기술교류상담회 개최
2584,폐식용유로 개도국의 어둠을 밝히다
2585,예진수 칼럼 보다 무서운 고용후퇴 성장
2586,웅진코웨이 분기 매출영업익당기순익 역대 최대
2587,웅진코웨이 실적 모두 분기 신기록 달성
2588,순환경제 패러다임 정립하는 주세린 의류 수거 및 수출 창업 교육 진행
2589,웅진코웨이 해외사업 순항 타고   영업이익 억원 기록역대 최대
2590,웅진코웨이 분기 역대 최대 매출영업익당기순익 트리플 크라운
2591,웅진코웨이 분기 실적 트리플크라운역대 최대 실적 달성
2592,웅진코웨이 상반기 역대 최대 실적 역대 최대 트리플 크라운
2593,레드벨벳  조이 세상을 구할 미모사랑 둥둥이
2594,글로벌 청년무역인재 양성지역 수출기업 성장 견인
2595,한국 순교자의 소리 금주의 중보기도
2596,김야니 인스타그램 최근 과 함께하는 인도네시아어 배우보기 
2597,신간안내
2598,글로벌 청년무역인재 양성 지역 수출기업 성장 견인
2599,대덕대 호텔외식조리과 국제요리경연대회서 개 상 수상
2600,경북도 제기 경북청년무역사관학교 수료식 개최
2601,과 함께하는 인도네시아어 배우보기  김야니 인스타그램
2602,김야니가 지난 일 에 올린 일상 사진이 화제
2603,웅진코웨이  트리플크라운국내외 렌털판매 역대 최대
2604,웅진코웨이 분기 영업이익 억원역대 최대
2605,강경화 수난시대외교부 총영사 성추행부터 까지
2606,예진수 칼럼 보다 무서운 고용후퇴 성장
2607,경북도 글로벌 인재 양성으로 수출 성장 이끈다
2608,인도네시아 쓰레기 컨테이너 개각국 반송
2609,울산 외국인 선원 만명 단기상륙 잡아라
2610,국내 메르스 의심환자 총 명 모두 음성이슬람 성지순례 기간 메르스 감
2611,백제 멸망시킨 소정방의 정방폭포 앞에서 제주도 무비자 입국을 생각하다
2612,경북 경주 천북농협 농업연수생 현장교육
2613,코웨이에 대한 우려 종식분기 매출영업익당기순익 모두 역대 최대 
2614,경북  수출 돕는 청년무역 전문인력 명 탄생
2615,팔아야 귀국 장동민도 불고기덮밥 떡볶이를 만들었다
2616,팔아야 귀국 이들은 이현우 장동민 블락비 유권과
2617,얼마만이냐육상에 샛별 개 떴다
2618,팔아야귀국 신봉선은 쏘리쏘리 를 연발하며 기다리는
2619,팔아야 귀국 소녀들은 환호성을 질렀고 금세 난리
2620,  아이튠즈 톱 앨범차트 개국 위 대단한 한류풍
2621,팔아야 귀국 두 소녀가 앉았다
2622,팔아야 귀국 유권은 인기를 담당했다
2623,팔아야귀국 식당 멤버인 신봉선은 손님들 중에
2624,팔아야 귀국 이러한 김동현의 모습에 장동민은 특유의
2625,인도네시아어 년 월 일 오늘의 외국어 한마디는
2626,  더불어 영국 음악 전문 매거진
2627,이슈톡 호텔 비품 싹쓸이하려다망신
2628,위 붐  영국 음악 전문 매거진 도
2629,위 붐  더불어 영국 음악 전문 매거진
2630,시설안전공단 교량관리기술 수출
2631,위 붐  미국 유명 매체 빌보드는 일
2632,종합 포트폴리오 완성한 종근당 하반기 날갯짓
2633,  신곡 영국 음악전문매거진 도 일 현지시간
2634,팔아야귀국 나르샤는 계산 착오로 손님들에 둘러싸여
2635,제회 제천국제음악영화제 설경숙 프로그래머 추천작 공개
2636,한국 수출 제한 반대한다 인니 국회의원 일본 공사 불러 일침
2637,연예수첩  첫 미니 앨범 발매개 지역 음원 차트 위
2638,캐리소프트 홍콩 애니메이션 인터네셔널과 라이선싱 대행 계약 체결
2639,기술혁신형 기업들 인니서 기술교류 상담회 개최
2640,국립현대미술관 프로젝트 해시태그 차 서류합격팀 오늘 발표
2641,거제시건강가정 다문화가족 남편교육 인기
2642,발리 호텔서 헤어드라이어 등 비품 훔치다 딱 걸린 인도인 가족
2643,한태봉의 진짜 재테크 알리바바 중국 전자상거래 시장을 휩쓸고 아시아를 
2644,한성식품 할랄산업엑스포코리아 참가할랄 김치 홍보
2645,공시세원셀론텍 억 규모 플랜트기기 판매 계약 체결
2646,전남테크노파크 모빌리티산업 활성화 기업간담회 개최
2647,인니 대 정부가 설치한 지진탐지기 훔쳐 팔았다 덜미
2648,세원셀론텍 억 규모 플랜트기기 공급계약 체결
2649,글로벌  각국 중소항공사 보잉 맥스 중단 장기화로 피해 막심
2650,글로벌  조코위 인니 대통령 월 또는 월 현대차 자동차투자협정 
2651,킹콩부대찌개 올해의 브랜드 대상 년 연속 수상 쾌거
2652,국립현대미술관 프로젝트 해시태그 공모 대 경쟁률
2653,국립현대미술관 프로젝트 해시태그 차 합격팀 선정
2654,인니 자바섬 인근 시추공서 기름 유출개 마을 피해
2655,경상북도 제기 경북청년무역사관학교 수료식 개최
2656, 서비스 포트폴리오 확장하며 전략적 자금 조달 마쳐
2657,세원셀론텍 억원 규모 플랜트 기기 공급 계약
2658,제주특산품 도용 해외서 불법 판매
2659,세원셀론텍 억 규모 플랜트기기 공급계약
2660,뉴스딱 성급 특급호텔 비품 싹쓸이 한 가족황당 해명
2661,전남 모빌리티 활성화 기업간담회
2662,로봇이 커피 내리고 빵셔틀까지우리 곁에 다가온 미래
2663,휴가철 가고 싶은 섬 및 제회 섬의 날 오감만족
2664,팔아야 귀국 게다가 팝업스토어 층을 본인이 편한
2665,이슈 동방신기 최강창민 다문화가정 아동에게 만원 기부따뜻한 선
2666,팔아야귀국 시간이 흘러도 손님들은 줄지 않았다
2667,팔아야 귀국 첫 등장부터 남다른 모습을 보인
2668,팔아야 귀국 신봉선은 정신없다 라면서도 차근차근 김밥을
2669,팔아야귀국 유권 역시 바쁜 가운데 팬들과
2670,팔아야 귀국 장동민은 조용 이라고 외쳐 웃음을
2671,세원셀론텍 인니 업체와 억원 규모 플랜트 기기 공급 계약
2672,한성식품 제회 할랄산업엑스포코리아 참가
2673,전남 전남 모빌리티산업 활성화 기업간담회 개최
2674,열정끈기바탕 춤에 몰입훌륭한 안무자로 남고 싶다
2675,국회보 년 월호 주재관리포트인도네시아  동시선거의 결과 및 의
2676,일 인도네시아 루피아 오늘환율원  감소 
2677,편식주의자의 미식여행어묵 한 점 돼지국밥 한 술 바닷바람 쐬며 즐기는 소
2678,한국 전통음료 오미자 인도네시아 첫 수출길 오른다
2679,전남테크노파크 모빌리티산업 활성화 기업간담회 개최
2680,핑거루트 판두라틴 성분 체지방 분해 탁월한 효과 밥 지을때 티스푼생
2681,오늘일의 국제증시 및 금시세
2682, 한국 전통음료 오미자 인도네시아 첫 수출길 오른다
2683,진짜 바리스타 뺨치는 로봇 바리스타 등장 빵셔틀도 로봇이
2684,한국 오미자 인도네시아 입맛 사로잡는다
2685,전통 음료 오미자 인도네시아 첫 수출 길 오른다
2686, 위 효성 고객 목소리에 집중조현준 회장  강조
2687,   개소식 행사 개최 예정
2688, 자카르타   성료억 원 규모 수출계약
2689,전남테크노파크 전남 모빌리티산업 활성화 기업간담회 개최
2690, 오미자 첫 인도네시아 수출길 오르다
2691,경북도 제기 경북청년무역사관학교 수료식 가져
2692,  김재환 사기당한 전말은억울한 물만두
2693,캐리소프트 중국 캐릭터 라이선싱 사업 본격화
2694,진짜 바리스타 뺨치는 로봇 바리스타 등장 서빙은 팡셔틀이
2695,여자농구 박신자컵  미쓰비시덴소 불참하나
2696,우리 전통 오미자 음료 인니 첫 수출길 오른다
2697,전통음료 오미자 인도네시아 첫 수출길 오른다
2698,한국 전통음료 오미자 인도네시아 첫 수출길 오른다
2699,윤리적으로 생산한 할랄 김치한성식품 할랄산업엑스포코리아 참가
2700,전통 음료 오미자 인도네시아 첫 수출
2701,팔아야 귀국 김동현 메뉴에 없는 라면도 판매열정 만큼은 만수르
2702,제회 제천국제음악영화제 설경숙 프로그래머 추천작 편 공개
2703,종근당 창립 년 조클럽 기대감
2704,한성식품 할랄산업엑스포코리아에서 할랄김치 선봬
2705,오미자 떡볶이 인도네시아 첫 수출길 올라
2706,롯데도 한화도자회사 품고 몸집 키우는 화학업계
2707,에스테팜 흡수성봉합사 과   유럽 인증
2708,광주 세계인권도시포럼 세계 인권 중심에 우뚝
2709,헷갈리는 인천공항 터미널과 출발 항공사 잘못 갔다면
2710, 파나소닉 대용량 에어컨 인니 생산 개시
2711,광주광역시 세계인권도시포럼 세계 인권 중심에 우뚝
2712,광주 광주 세계인권도시포럼 세계 인권 중심에 우뚝
2713,광주 세계인권도시포럼 세계 인권 중심역할 톡톡
2714,두데  드림이 밝힌 청소년연합팀 웃음청소기 개국 위 종합
2715,동남아 리포트 라마단 연휴와 게임 매출의 상관관계
2716,광주시 세계인권도시포럼 추진위 열어 추진상황 공유논의
2717,기획특집 지능형 로 열매 맺는 영상 분석 기술
2718,일 인도네시아 루피 환율 살때 원 팔때 원 감소
2719,인니 자카르타 센트럴파크서  월드 페스티벌 예선전 열려
2720,유한양행녹십자한미약품종근당 빅 제약사 분기 성적은
2721,전남테크노파크 모빌리티산업 활성화 기업간담회 개최
2722,전통음료 오미자 첫 수출
2723,아모레퍼시픽그룹 분기 영업익 억원
2724,라인뱅크 첫 출범 임박대만 당국 허가
2725,한성식품 제 회 할랄산업엑스포코리아 참가
2726,전주기접놀이 공연단 전통문화 우수성 널리 알렸다
2727,인터뷰명확한 목표 의식 주은 신동운 대표 위기는 곧 기회
2728,인도네시아 선박 수리 중 연료탱크 폭발로 여명 사상
2729,광주 세계인권도시포럼 세계 인권 중심에 우뚝
2730,러 시베리아극동 지역 대형 산불 한 달 이상 확산  국제소식
2731,품격 넘치는 전라미술의 서울 나들이
2732,라인 대만서 인터넷 전문은행 설립 허가받아
2733,레드벨벳  예리 볼륨감 넘치는 사랑스러움핑크 곤듀 예리미
2734,글로벌 경제 보잉 맥스 운항 중단세계 항공업계 타격
2735,라인 대만서 인터넷 전문은행 설립 허가받아
2736,광주 세계인권도시포럼 세계 인권 중심에 우뚝
2737,카페베네의 두 번째 심기일전 기대 혹은 우려
2738,광주시 세계인권도시포럼 개최 방안 논의
2739,손정의 동남아 최대시장 인니 전기차에 조원 투자
2740,라인 대만서 인터넷 전문은행 설립 허가 획득
2741,광주시 세계인권도시포럼 추진상황 공유
2742, 한국 전통음료 오미자 인도네시아 수출 위해  체결
2743,네이버 자회사 라인 대만에서 인터넷 전문은행 설립
2744,전통 음료 문경 오미자  첫 수출
2745,포항지역 교회 해외 비전트립 떠나요
2746,에어버스 예상 밖 호조보잉 맥스 결함 반사이익
2747,툭툭까지 콜서비스 한 그랩 동남아서 우버 이겨
2748,월일 위풍당당했던 첫 등장그땐 미처 몰랐지 오래 전 이날
2749,이용섭 시장 세계인권도시포럼 추진위서 광주 인권도시 모델 자리매김 당부
2750,쿡앤셰프  한국농수산식품유통공사  한국 전통음료 오
2751,에어버스 보잉 맥스 결함 반사이익실적 예상 밖 호조
2752,광주시 세계인권도시포럼 추진상황 공유논의
2753,광주체고 안세영 태국오픈 강 탈락
2754,사설강원수출 글로벌 경기 둔화 극복할 대책 마련해야
2755,콜 부르면 오토바이도 온다이게 우버를 이긴 그랩 비결
2756,라인 대만 인터넷 진출
2757,슈퍼주니어 규현   출격지난 월일 소집해제 활동 왕성
2758,공식슈퍼주니어 규현 월 인도네시아서 열리는   출격
2759,글로벌   산하 세포라 싱가포르 등에서 고객 정보 유출
2760,슈퍼주니어 규현 월 인도네시아 팬 만난다   출격
2761,오늘의 인천 뉴스 년 월 일목
2762,오늘의 경기 뉴스 년 월 일목
2763,안정락의 월드 차량공유도 없는 한국형 우버
2764,드라마 치즈인더트랩 재방송 미소 뒤 숨겨진 치명적 본성 김고은박해진
2765,  블루문펀드와 손 잡았다동남아시아 사업 확대 추진
2766,슈퍼주니어 규현   출격인도네시아 달군다공식
2767,한국농수산식품유통공사 한국 전통음료 오미자 인도네시아 첫 수출길 오
2768,  블루문펀드와 손 잡았다동남아시아 사업 확대 추진
2769, 해외바이어 초청 수출상담회 제주 개 기업 참가
2770,옥천군 복숭아 홍콩에서 판촉활동
2771,로드리고의 여행의 순간 비싼 카메라로 최고의 사진을 찍을 수 있을까
2772,광주광역시 세계인권도시포럼 추진위원회 열어 추진상황 공유논의
2773,슈퍼주니어 규현 인도네시아 간다  출격
2774,일본 중국에 이어 인도네시아까지로드 블루문펀드와 손잡고 동남아시아
2775,옥천군 복숭아 수출 확대 위한 홍콩 판촉활동 나서
2776,옥천 복숭아 홍콩 시장 공략 나선다
2777,한국음료 오미자 인도네시아 첫 수출
2778,옥천 복숭아 수출 확대를 위한 홍콩 공략 나서
2779,옥천 복숭아 홍콩서 시장공략 나선다
2780,국립현대미술관 세상에 눈뜨다 해외순회전에 눈뜨다
2781,김도진 기업은행장 뱅킹에서 플랫폼으로생사 걸어야
2782,서울국제뉴미디어페스티벌덴마크 비디오아트 특별전 광복절에 만나
2783,옥천 복숭아 수출 확대를 위한 홍콩 판촉활동 전개
2784,오미자음료떡볶이 인도네시아서 취향저격
2785,동의대 인도네시아 수라바야시 교사연수 개강식 개최
2786,올해 는 친환경 섬유가 대세
2787,까스텔바쟉  패션기업 피카린 회장과 미팅
2788,  패션코드 참가사 모집
2789,유로모니터 선정 아시아 유통기업 위는 알리바바한국 롯데는 위
2790,환율 인사이드 월 일 인도네시아 루피아 오늘의 환율 정보
2791,혼전 성관계 세 남녀 채찍으로 대 맞아
2792,로드 동남아시아 사업 확대 위해 블루문펀드와 스폰서쉽 체결인도네시
2793,강원도 주천에서 만난 제비들
2794,미트메신저플러스 동남아 서비스 정조준인도네시아 우버택시 앱 탑재 추진
2795,월 해외 바이어 수출상담회에 제주 도내 수출기업 높은 관심
2796,제주도  해외바이어 초청 수출상담회 개최
2797,보잉 맥스 위험성  알고 있었다
2798,부티크 크루즈 라인 수상에 빛나는 그리스 요트 크루즈사 버라이어티 크루즈
2799,재단알리바바 해신홀딩스 공동사업 위한 파트너쉽 체결
2800,아시아 유통기업 온라인 강세위 알리바바 롯데 위
2801,규현   출연 확정감성 발라드로 인도네시아 홀릴까
2802,혼전 성관계 발각돼 회초리 대 맞은 인니 대 커플
2803,일 인도네시아 루피아 오늘환율원  동일 
2804,한국 수출 제한 반대한다 인니 국회의원 일본 참사관 불러 일침
2805,글로벌  트럼프 대통령 무역 전쟁 확대중국과 유럽 넘어  정조
2806,팔아야귀국 팔아야귀국  인도네시아 에서는 이현우
2807,팔아야귀국 장동민은 조용 이라고 외쳐 웃음을
2808,팔아야 귀국 나르샤는 신봉선 우리 이제 시간
2809,팔아야 귀국 시간이 흘러도 손님들은 줄지 않았다
2810,팔아야귀국 장동민도 불고기덮밥 떡볶이를 만들었다
2811,팔아야 귀국 신봉선은 쏘리쏘리 를 연발하며 기다리는
2812,광주 인권도시포럼 세계 인권 중심역할 톡톡
2813,엔시티 일  은 번째 미니앨범 
2814,인도네시아어 년 월 일 오늘의 외국어 한마디는
2815,팔아야 귀국 유권은 손을 흔들어주며 팬 서비스를
2816,팔아야귀국 떡볶이를 주문하지 않았는데 떡볶이가 나갔고
2817,팔아야 귀국 모습을 본 팬들은 유권의 행동
2818,팔아야귀국 나르샤는 신봉선에게 우리 이제 시간
2819,팔아야귀국 유권은 인기를 담당했다
2820,글로벌 모빌리티 투자 자본 규제 적은 동남아중국으로 한국은 정체
2821,인보사 사태 장기화코오롱의 운명은
2822,글로벌  현대차 그랩과 전기차 코나 차량 호출 서비스 제공
2823,이장한 종근당 회장 해외서 새 먹거리 찾는다
2824,심보배의 로스팅 탐방기 삼거리 다방 버닝 로스터기
2825,옥천 복숭아 수출 확대 위한 홍콩 판촉활동 전개
2826,제주도 해외바이어 초청 수출상담회 열기 후끈
2827,슈퍼주니어 규현   출격 인도네시아 팬들 사로잡는다
2828,  슈퍼주니어 규현 출격인도네시아 팬들 만날 예정공식
2829,미트메신저플러스 동남아 서비스 초읽기 인도네시아 우버택시 앱 탑재 추진
2830,년만에 돈줄 푸는 세계 금리인하 흐름 강해진다
2831,유로모니터  아시아 대 유통기업 발표온라인 기업 강세
2832,슈퍼주니어 규현 월 인도네시아 팬 만난다  출격
2833,정의선 수석부회장 글로벌 시장공략 재편
2834,항공사 소식 늦캉스 위한 특가 이벤트 혜택 누리세요
2835,살아있는 고양이를 어떻게인니 남성 엽기행각에 충격
2836,제주 해외바이어 초청 수출상담회 참가 열기 후끈
2837,아시아 유통기업 이커머스 약진알리바바 위롯데 위
2838,노점상 겁주려 고양이 산채로 식육엽기 동영상에  발칵
2839,시리아 난민촌서 임신한 인니 여성 사망구타 흔적
2840,옥천명품복숭아 수출확대 나선다
2841,슈퍼주니어 규현   출격공식입장
2842,유관순 생가독립기념관에서   외친 대학생들
2843,  스라라넷 인니 교육대와 제휴
2844,길 한복판서 고양이 산 채로 잡아먹은 남성 충격
2845,옥천 복숭아 홍콩 판촉활동 전개
2846,올해 휴가 아직이라면 내일투어와 함께 공짜 해외여행 떠나세요
2847,로드 블루문펀드와 손잡았다동남아시아 사업 확대 추진
2848,네마프  덴마크 비디오아트 특별전 개최
2849,에스엘에프앤비 킹콩부대찌개 올해의 브랜드 대상 년 연속 수상
2850,남자가 고양이를 산 채로엽기 영상에 인도네시아 충격
2851,동티모르 아세안 번째 회원국 될까
2852,부산대병원 컨소시엄  시스템 카자흐스탄에 첫 수출
2853,네마프  롯데시네마 홍대입구서 덴마크 비디오아트 특별전 개최
2854,  블루문펀드와 손 잡았다동남 사업 확대 추진
2855,옥천군 복숭아 홍콩 수출 확대 판촉 추진
2856,해외바이어 초청 수출상담회 흥행 성공 예감
2857,광고 찍어도 되겠어여자친구 엄지 똥머리스포티룩 완벽 소화
2858,해외 포토 인도네시아 대통령 만나는 손정의
2859,혈관폐에 좋은 음식 부아메라 오일 효능 및 부작용은뉴기니섬 고산지
2860,슈퍼주니어 규현   출격
2861,임신한 채 고문구타 당한 듯시리아 난민촌서 인니 여성 사망
2862,이 주의 새 책 의열단 항일의 불꽃 
2863,파월이 또 우릴 실망시켰다트럼프 맹비난종합보
2864,해외무대서 기술 뽐내는  세계 최초 제품에 러브콜
2865,년여만에  금리인하 물꼬우리도 따라 내린다
2866,전남테크노파크 전남 모빌리티산업 활성화 기업간담회 개최
2867,이슈  온라인 년만에 인도네시아 서비스 종료
2868,포토    양해각서 체결
2869,옥천 복숭아 홍콩 시장 공략 나서
2870,애인과 혼전 성관계 때문에 어느 대 여성이 받은 무시무시한 처벌
2871,부산대병원 개발 의료영상저장전송시스템 카자흐스탄서 맹활약
2872, 인도네시아서  만불 수출상담등 쾌거
